DATE,WRMFSL
1980-02-04,41.9
1980-02-11,41.9
1980-02-18,43.2
1980-02-25,44.4
1980-03-03,45.9
1980-03-10,46.7
1980-03-17,47.2
1980-03-24,47.6
1980-03-31,47.4
1980-04-07,46.9
1980-04-14,46.9
1980-04-21,46.6
1980-04-28,46.7
1980-05-05,46.6
1980-05-12,48.0
1980-05-19,49.6
1980-05-26,51.1
1980-06-02,52.0
1980-06-09,53.4
1980-06-16,54.4
1980-06-23,55.3
1980-06-30,56.2
1980-07-07,56.8
1980-07-14,57.8
1980-07-21,58.4
1980-07-28,58.9
1980-08-04,59.5
1980-08-11,60.1
1980-08-18,60.4
1980-08-25,60.5
1980-09-01,60.3
1980-09-08,60.0
1980-09-15,59.9
1980-09-22,59.8
1980-09-29,59.9
1980-10-06,59.8
1980-10-13,60.1
1980-10-20,60.0
1980-10-27,60.2
1980-11-03,60.9
1980-11-10,61.0
1980-11-17,60.9
1980-11-24,60.7
1980-12-01,60.5
1980-12-08,60.6
1980-12-15,60.7
1980-12-22,60.5
1980-12-29,59.8
1981-01-05,59.0
1981-01-12,59.9
1981-01-19,62.1
1981-01-26,64.7
1981-02-02,66.5
1981-02-09,68.8
1981-02-16,71.2
1981-02-23,73.1
1981-03-02,75.7
1981-03-09,77.6
1981-03-16,80.1
1981-03-23,82.9
1981-03-30,86.1
1981-04-06,88.9
1981-04-13,92.2
1981-04-20,94.0
1981-04-27,94.7
1981-05-04,95.7
1981-05-11,96.5
1981-05-18,97.0
1981-05-25,96.9
1981-06-01,97.0
1981-06-08,97.6
1981-06-15,99.0
1981-06-22,100.4
1981-06-29,102.4
1981-07-06,104.6
1981-07-13,107.0
1981-07-20,109.9
1981-07-27,112.4
1981-08-03,114.3
1981-08-10,116.4
1981-08-17,118.4
1981-08-24,120.5
1981-08-31,122.5
1981-09-07,124.4
1981-09-14,126.1
1981-09-21,128.1
1981-09-28,130.3
1981-10-05,131.4
1981-10-12,132.3
1981-10-19,134.0
1981-10-26,135.9
1981-11-02,137.8
1981-11-09,138.5
1981-11-16,140.5
1981-11-23,142.9
1981-11-30,145.3
1981-12-07,147.2
1981-12-14,149.4
1981-12-21,150.2
1981-12-28,149.6
1982-01-04,148.9
1982-01-11,149.8
1982-01-18,152.8
1982-01-25,154.1
1982-02-01,154.8
1982-02-08,154.5
1982-02-15,154.4
1982-02-22,154.1
1982-03-01,154.0
1982-03-08,154.9
1982-03-15,156.5
1982-03-22,158.0
1982-03-29,159.5
1982-04-05,160.1
1982-04-12,161.1
1982-04-19,160.9
1982-04-26,160.3
1982-05-03,159.8
1982-05-10,160.1
1982-05-17,162.0
1982-05-24,163.5
1982-05-31,166.3
1982-06-07,167.2
1982-06-14,169.0
1982-06-21,169.3
1982-06-28,169.6
1982-07-05,169.1
1982-07-12,165.5
1982-07-19,166.4
1982-07-26,168.0
1982-08-02,169.8
1982-08-09,172.3
1982-08-16,174.8
1982-08-23,176.3
1982-08-30,178.4
1982-09-06,178.5
1982-09-13,178.8
1982-09-20,178.8
1982-09-27,178.5
1982-10-04,178.0
1982-10-11,178.8
1982-10-18,180.2
1982-10-25,181.0
1982-11-01,182.7
1982-11-08,183.6
1982-11-15,184.3
1982-11-22,185.4
1982-11-29,185.5
1982-12-06,185.6
1982-12-13,184.4
1982-12-20,181.0
1982-12-27,173.9
1983-01-03,171.7
1983-01-10,168.8
1983-01-17,164.4
1983-01-24,160.0
1983-01-31,158.8
1983-02-07,157.2
1983-02-14,154.9
1983-02-21,153.4
1983-02-28,152.1
1983-03-07,150.1
1983-03-14,148.1
1983-03-21,147.3
1983-03-28,146.5
1983-04-04,145.1
1983-04-11,143.6
1983-04-18,142.2
1983-04-25,140.1
1983-05-02,139.0
1983-05-09,137.9
1983-05-16,136.5
1983-05-23,135.8
1983-05-30,135.4
1983-06-06,135.5
1983-06-13,135.7
1983-06-20,135.3
1983-06-27,134.3
1983-07-04,134.5
1983-07-11,134.4
1983-07-18,134.1
1983-07-25,134.3
1983-08-01,134.1
1983-08-08,134.9
1983-08-15,136.1
1983-08-22,136.2
1983-08-29,135.4
1983-09-05,135.9
1983-09-12,135.6
1983-09-19,134.3
1983-09-26,133.7
1983-10-03,133.9
1983-10-10,133.5
1983-10-17,133.1
1983-10-24,133.4
1983-10-31,134.2
1983-11-07,133.6
1983-11-14,133.0
1983-11-21,132.0
1983-11-28,131.4
1983-12-05,131.8
1983-12-12,132.2
1983-12-19,132.9
1983-12-26,133.9
1984-01-02,134.7
1984-01-09,134.6
1984-01-16,133.9
1984-01-23,133.9
1984-01-30,134.7
1984-02-06,136.0
1984-02-13,137.0
1984-02-20,138.3
1984-02-27,138.8
1984-03-05,139.0
1984-03-12,139.1
1984-03-19,139.5
1984-03-26,139.6
1984-04-02,140.2
1984-04-09,140.4
1984-04-16,140.8
1984-04-23,140.9
1984-04-30,141.5
1984-05-07,141.9
1984-05-14,143.2
1984-05-21,143.9
1984-05-28,144.5
1984-06-04,144.5
1984-06-11,144.4
1984-06-18,144.4
1984-06-25,144.6
1984-07-02,145.6
1984-07-09,145.6
1984-07-16,146.0
1984-07-23,146.8
1984-07-30,147.2
1984-08-06,147.2
1984-08-13,145.1
1984-08-20,144.7
1984-08-27,145.0
1984-09-03,145.8
1984-09-10,146.1
1984-09-17,147.0
1984-09-24,147.4
1984-10-01,148.2
1984-10-08,148.8
1984-10-15,149.8
1984-10-22,150.4
1984-10-29,150.8
1984-11-05,152.1
1984-11-12,153.7
1984-11-19,155.2
1984-11-26,156.4
1984-12-03,158.2
1984-12-10,159.5
1984-12-17,161.3
1984-12-24,162.5
1984-12-31,163.5
1985-01-07,165.6
1985-01-14,166.7
1985-01-21,167.2
1985-01-28,167.5
1985-02-04,167.8
1985-02-11,168.2
1985-02-18,168.8
1985-02-25,168.9
1985-03-04,169.8
1985-03-11,170.1
1985-03-18,169.7
1985-03-25,169.8
1985-04-01,169.4
1985-04-08,169.9
1985-04-15,169.4
1985-04-22,169.0
1985-04-29,168.1
1985-05-06,168.0
1985-05-13,168.1
1985-05-20,168.1
1985-05-27,167.7
1985-06-03,168.7
1985-06-10,169.7
1985-06-17,171.1
1985-06-24,172.5
1985-07-01,172.7
1985-07-08,171.8
1985-07-15,172.4
1985-07-22,171.9
1985-07-29,171.6
1985-08-05,171.8
1985-08-12,172.1
1985-08-19,172.2
1985-08-26,172.0
1985-09-02,172.5
1985-09-09,172.3
1985-09-16,172.0
1985-09-23,172.5
1985-09-30,172.8
1985-10-07,172.4
1985-10-14,172.2
1985-10-21,171.8
1985-10-28,171.6
1985-11-04,171.4
1985-11-11,171.2
1985-11-18,170.9
1985-11-25,170.5
1985-12-02,171.1
1985-12-09,171.4
1985-12-16,171.0
1985-12-23,171.2
1985-12-30,171.5
1986-01-06,171.6
1986-01-13,172.5
1986-01-20,174.3
1986-01-27,175.5
1986-02-03,175.8
1986-02-10,176.1
1986-02-17,176.5
1986-02-24,175.9
1986-03-03,177.2
1986-03-10,178.6
1986-03-17,180.2
1986-03-24,181.2
1986-03-31,183.4
1986-04-07,184.1
1986-04-14,186.3
1986-04-21,186.6
1986-04-28,187.2
1986-05-05,187.8
1986-05-12,189.5
1986-05-19,190.9
1986-05-26,192.1
1986-06-02,192.1
1986-06-09,192.8
1986-06-16,194.2
1986-06-23,195.4
1986-06-30,194.9
1986-07-07,195.2
1986-07-14,194.9
1986-07-21,196.8
1986-07-28,197.7
1986-08-04,198.1
1986-08-11,198.3
1986-08-18,197.4
1986-08-25,196.5
1986-09-01,195.9
1986-09-08,196.3
1986-09-15,196.7
1986-09-22,200.6
1986-09-29,202.0
1986-10-06,202.4
1986-10-13,203.0
1986-10-20,202.7
1986-10-27,203.7
1986-11-03,203.6
1986-11-10,202.4
1986-11-17,203.1
1986-11-24,203.2
1986-12-01,202.6
1986-12-08,202.5
1986-12-15,203.4
1986-12-22,204.5
1986-12-29,205.1
1987-01-05,207.4
1987-01-12,205.9
1987-01-19,205.3
1987-01-26,205.3
1987-02-02,204.7
1987-02-09,205.8
1987-02-16,206.1
1987-02-23,205.2
1987-03-02,205.1
1987-03-09,205.9
1987-03-16,206.3
1987-03-23,204.9
1987-03-30,204.6
1987-04-06,204.5
1987-04-13,204.2
1987-04-20,206.0
1987-04-27,207.1
1987-05-04,207.6
1987-05-11,205.7
1987-05-18,205.9
1987-05-25,207.2
1987-06-01,208.7
1987-06-08,209.7
1987-06-15,207.9
1987-06-22,206.8
1987-06-29,206.4
1987-07-06,208.0
1987-07-13,207.4
1987-07-20,207.3
1987-07-27,208.1
1987-08-03,209.2
1987-08-10,210.0
1987-08-17,210.5
1987-08-24,210.3
1987-08-31,211.2
1987-09-07,212.6
1987-09-14,214.1
1987-09-21,214.5
1987-09-28,213.5
1987-10-05,214.0
1987-10-12,213.9
1987-10-19,215.1
1987-10-26,219.3
1987-11-02,216.7
1987-11-09,216.5
1987-11-16,216.6
1987-11-23,215.7
1987-11-30,215.6
1987-12-07,216.6
1987-12-14,217.5
1987-12-21,218.0
1987-12-28,218.5
1988-01-04,218.6
1988-01-11,219.0
1988-01-18,222.1
1988-01-25,223.0
1988-02-01,224.7
1988-02-08,224.5
1988-02-15,224.9
1988-02-22,225.7
1988-02-29,225.6
1988-03-07,225.5
1988-03-14,225.7
1988-03-21,227.3
1988-03-28,228.0
1988-04-04,228.7
1988-04-11,228.7
1988-04-18,228.4
1988-04-25,229.7
1988-05-02,229.6
1988-05-09,228.8
1988-05-16,229.6
1988-05-23,230.3
1988-05-30,230.8
1988-06-06,228.9
1988-06-13,228.1
1988-06-20,227.1
1988-06-27,228.1
1988-07-04,228.0
1988-07-11,227.3
1988-07-18,228.8
1988-07-25,229.0
1988-08-01,228.9
1988-08-08,227.7
1988-08-15,228.2
1988-08-22,229.8
1988-08-29,229.6
1988-09-05,229.4
1988-09-12,228.4
1988-09-19,228.3
1988-09-26,228.8
1988-10-03,229.5
1988-10-10,228.6
1988-10-17,229.4
1988-10-24,229.7
1988-10-31,230.6
1988-11-07,232.4
1988-11-14,233.5
1988-11-21,236.4
1988-11-28,237.6
1988-12-05,237.3
1988-12-12,237.2
1988-12-19,237.9
1988-12-26,238.3
1989-01-02,239.8
1989-01-09,238.7
1989-01-16,240.0
1989-01-23,240.3
1989-01-30,239.7
1989-02-06,239.7
1989-02-13,240.9
1989-02-20,243.2
1989-02-27,244.4
1989-03-06,247.2
1989-03-13,247.4
1989-03-20,248.6
1989-03-27,250.6
1989-04-03,252.7
1989-04-10,252.4
1989-04-17,254.8
1989-04-24,255.6
1989-05-01,256.4
1989-05-08,257.7
1989-05-15,259.1
1989-05-22,261.4
1989-05-29,262.0
1989-06-05,263.6
1989-06-12,265.9
1989-06-19,268.3
1989-06-26,271.2
1989-07-03,273.6
1989-07-10,275.6
1989-07-17,277.5
1989-07-24,279.4
1989-07-31,281.4
1989-08-07,283.7
1989-08-14,285.1
1989-08-21,287.6
1989-08-28,290.2
1989-09-04,291.8
1989-09-11,293.1
1989-09-18,296.1
1989-09-25,297.8
1989-10-02,300.1
1989-10-09,300.7
1989-10-16,300.6
1989-10-23,303.8
1989-10-30,306.0
1989-11-06,309.3
1989-11-13,310.5
1989-11-20,309.9
1989-11-27,311.1
1989-12-04,312.6
1989-12-11,312.7
1989-12-18,313.7
1989-12-25,316.1
1990-01-01,316.8
1990-01-08,319.9
1990-01-15,317.3
1990-01-22,319.1
1990-01-29,321.6
1990-02-05,324.6
1990-02-12,325.6
1990-02-19,326.2
1990-02-26,327.3
1990-03-05,325.8
1990-03-12,326.6
1990-03-19,327.5
1990-03-26,328.2
1990-04-02,327.1
1990-04-09,327.1
1990-04-16,326.9
1990-04-23,327.4
1990-04-30,329.9
1990-05-07,328.3
1990-05-14,326.9
1990-05-21,322.4
1990-05-28,323.7
1990-06-04,325.1
1990-06-11,325.9
1990-06-18,330.1
1990-06-25,330.0
1990-07-02,331.8
1990-07-09,330.0
1990-07-16,332.1
1990-07-23,331.5
1990-07-30,333.7
1990-08-06,334.9
1990-08-13,338.0
1990-08-20,339.1
1990-08-27,343.1
1990-09-03,344.1
1990-09-10,344.0
1990-09-17,344.3
1990-09-24,345.8
1990-10-01,347.1
1990-10-08,348.2
1990-10-15,347.4
1990-10-22,347.4
1990-10-29,347.6
1990-11-05,346.0
1990-11-12,346.4
1990-11-19,346.3
1990-11-26,347.3
1990-12-03,349.0
1990-12-10,349.2
1990-12-17,350.1
1990-12-24,351.8
1990-12-31,353.4
1991-01-07,353.6
1991-01-14,357.3
1991-01-21,360.8
1991-01-28,362.1
1991-02-04,362.4
1991-02-11,362.2
1991-02-18,361.7
1991-02-25,364.9
1991-03-04,366.5
1991-03-11,367.0
1991-03-18,369.0
1991-03-25,370.7
1991-04-01,369.9
1991-04-08,371.0
1991-04-15,370.5
1991-04-22,370.7
1991-04-29,370.7
1991-05-06,371.2
1991-05-13,372.1
1991-05-20,372.0
1991-05-27,372.9
1991-06-03,372.7
1991-06-10,372.2
1991-06-17,373.4
1991-06-24,373.7
1991-07-01,373.4
1991-07-08,373.0
1991-07-15,373.1
1991-07-22,373.0
1991-07-29,370.8
1991-08-05,368.5
1991-08-12,368.6
1991-08-19,367.7
1991-08-26,369.3
1991-09-02,368.3
1991-09-09,367.8
1991-09-16,368.4
1991-09-23,368.8
1991-09-30,367.2
1991-10-07,366.7
1991-10-14,367.0
1991-10-21,366.8
1991-10-28,366.4
1991-11-04,364.4
1991-11-11,365.9
1991-11-18,365.7
1991-11-25,366.4
1991-12-02,365.7
1991-12-09,366.5
1991-12-16,370.4
1991-12-23,364.3
1991-12-30,361.8
1992-01-06,357.3
1992-01-13,360.3
1992-01-20,363.7
1992-01-27,366.9
1992-02-03,367.6
1992-02-10,367.4
1992-02-17,367.4
1992-02-24,367.3
1992-03-02,367.8
1992-03-09,364.5
1992-03-16,363.2
1992-03-23,362.5
1992-03-30,360.8
1992-04-06,359.0
1992-04-13,359.0
1992-04-20,358.0
1992-04-27,359.2
1992-05-04,361.0
1992-05-11,358.9
1992-05-18,358.2
1992-05-25,356.6
1992-06-01,357.2
1992-06-08,356.2
1992-06-15,355.5
1992-06-22,355.1
1992-06-29,354.5
1992-07-06,351.0
1992-07-13,353.6
1992-07-20,351.8
1992-07-27,352.2
1992-08-03,352.3
1992-08-10,350.3
1992-08-17,351.9
1992-08-24,351.7
1992-08-31,353.3
1992-09-07,350.7
1992-09-14,349.2
1992-09-21,346.9
1992-09-28,347.2
1992-10-05,345.6
1992-10-12,350.8
1992-10-19,352.1
1992-10-26,351.6
1992-11-02,352.8
1992-11-09,350.1
1992-11-16,348.6
1992-11-23,346.6
1992-11-30,348.3
1992-12-07,346.9
1992-12-14,344.9
1992-12-21,344.3
1992-12-28,343.4
1993-01-04,344.1
1993-01-11,343.7
1993-01-18,343.3
1993-01-25,342.6
1993-02-01,341.0
1993-02-08,340.7
1993-02-15,340.5
1993-02-22,342.6
1993-03-01,342.9
1993-03-08,343.8
1993-03-15,343.0
1993-03-22,341.2
1993-03-29,341.7
1993-04-05,338.4
1993-04-12,338.8
1993-04-19,339.5
1993-04-26,340.9
1993-05-03,343.4
1993-05-10,342.5
1993-05-17,343.0
1993-05-24,345.1
1993-05-31,345.3
1993-06-07,344.4
1993-06-14,344.0
1993-06-21,342.2
1993-06-28,340.1
1993-07-05,337.3
1993-07-12,340.4
1993-07-19,341.1
1993-07-26,340.8
1993-08-02,341.3
1993-08-09,339.0
1993-08-16,338.2
1993-08-23,338.6
1993-08-30,337.0
1993-09-06,336.4
1993-09-13,338.7
1993-09-20,338.9
1993-09-27,341.2
1993-10-04,341.0
1993-10-11,340.3
1993-10-18,338.2
1993-10-25,338.3
1993-11-01,339.2
1993-11-08,339.8
1993-11-15,341.0
1993-11-22,344.4
1993-11-29,343.7
1993-12-06,343.2
1993-12-13,345.3
1993-12-20,344.1
1993-12-27,343.5
1994-01-03,344.9
1994-01-10,345.8
1994-01-17,344.5
1994-01-24,344.5
1994-01-31,342.5
1994-02-07,342.4
1994-02-14,343.1
1994-02-21,342.7
1994-02-28,343.0
1994-03-07,346.5
1994-03-14,348.8
1994-03-21,349.7
1994-03-28,344.6
1994-04-04,346.0
1994-04-11,352.1
1994-04-18,354.6
1994-04-25,358.2
1994-05-02,358.8
1994-05-09,360.2
1994-05-16,360.8
1994-05-23,361.6
1994-05-30,358.7
1994-06-06,356.0
1994-06-13,355.7
1994-06-20,352.2
1994-06-27,352.7
1994-07-04,354.7
1994-07-11,357.0
1994-07-18,357.8
1994-07-25,356.1
1994-08-01,356.9
1994-08-08,357.3
1994-08-15,356.7
1994-08-22,356.6
1994-08-29,353.5
1994-09-05,352.4
1994-09-12,355.1
1994-09-19,357.7
1994-09-26,358.0
1994-10-03,358.7
1994-10-10,358.9
1994-10-17,358.6
1994-10-24,357.5
1994-10-31,358.4
1994-11-07,359.4
1994-11-14,360.8
1994-11-21,362.8
1994-11-28,363.7
1994-12-05,365.0
1994-12-12,367.0
1994-12-19,367.1
1994-12-26,367.6
1995-01-02,367.6
1995-01-09,368.6
1995-01-16,371.2
1995-01-23,372.1
1995-01-30,371.8
1995-02-06,370.9
1995-02-13,370.8
1995-02-20,368.6
1995-02-27,368.9
1995-03-06,365.9
1995-03-13,369.0
1995-03-20,367.7
1995-03-27,368.7
1995-04-03,368.7
1995-04-10,369.5
1995-04-17,370.8
1995-04-24,372.0
1995-05-01,373.5
1995-05-08,377.6
1995-05-15,377.3
1995-05-22,382.4
1995-05-29,383.9
1995-06-05,385.7
1995-06-12,391.2
1995-06-19,392.5
1995-06-26,393.8
1995-07-03,399.3
1995-07-10,400.8
1995-07-17,403.2
1995-07-24,407.2
1995-07-31,408.6
1995-08-07,412.5
1995-08-14,413.6
1995-08-21,415.0
1995-08-28,417.4
1995-09-04,420.0
1995-09-11,420.6
1995-09-18,422.1
1995-09-25,422.2
1995-10-02,424.6
1995-10-09,427.1
1995-10-16,426.7
1995-10-23,425.9
1995-10-30,426.6
1995-11-06,428.6
1995-11-13,429.6
1995-11-20,429.7
1995-11-27,432.1
1995-12-04,432.0
1995-12-11,432.8
1995-12-18,435.4
1995-12-25,435.0
1996-01-01,432.9
1996-01-08,435.5
1996-01-15,441.1
1996-01-22,440.5
1996-01-29,441.0
1996-02-05,439.2
1996-02-12,442.0
1996-02-19,444.7
1996-02-26,450.7
1996-03-04,452.2
1996-03-11,452.8
1996-03-18,456.3
1996-03-25,456.4
1996-04-01,455.4
1996-04-08,456.9
1996-04-15,459.9
1996-04-22,456.9
1996-04-29,455.5
1996-05-06,460.5
1996-05-13,466.8
1996-05-20,463.6
1996-05-27,461.9
1996-06-03,466.8
1996-06-10,468.5
1996-06-17,471.4
1996-06-24,471.2
1996-07-01,470.7
1996-07-08,474.1
1996-07-15,474.4
1996-07-22,478.6
1996-07-29,477.7
1996-08-05,477.5
1996-08-12,476.8
1996-08-19,478.0
1996-08-26,478.1
1996-09-02,477.6
1996-09-09,479.9
1996-09-16,479.2
1996-09-23,480.1
1996-09-30,483.9
1996-10-07,488.1
1996-10-14,490.7
1996-10-21,492.0
1996-10-28,496.6
1996-11-04,497.8
1996-11-11,500.9
1996-11-18,502.0
1996-11-25,503.7
1996-12-02,504.1
1996-12-09,511.6
1996-12-16,514.1
1996-12-23,517.7
1996-12-30,517.5
1997-01-06,518.0
1997-01-13,521.9
1997-01-20,521.0
1997-01-27,521.3
1997-02-03,525.3
1997-02-10,525.3
1997-02-17,526.6
1997-02-24,523.1
1997-03-03,528.1
1997-03-10,531.2
1997-03-17,532.2
1997-03-24,532.9
1997-03-31,536.1
1997-04-07,541.5
1997-04-14,543.4
1997-04-21,543.7
1997-04-28,542.4
1997-05-05,538.4
1997-05-12,540.9
1997-05-19,544.1
1997-05-26,545.8
1997-06-02,544.5
1997-06-09,548.2
1997-06-16,545.7
1997-06-23,546.4
1997-06-30,548.7
1997-07-07,555.8
1997-07-14,555.0
1997-07-21,555.8
1997-07-28,556.8
1997-08-04,560.2
1997-08-11,565.3
1997-08-18,571.1
1997-08-25,571.6
1997-09-01,576.9
1997-09-08,577.2
1997-09-15,577.5
1997-09-22,577.0
1997-09-29,577.9
1997-10-06,578.6
1997-10-13,580.3
1997-10-20,582.8
1997-10-27,583.8
1997-11-03,585.7
1997-11-10,586.8
1997-11-17,589.8
1997-11-24,592.7
1997-12-01,591.2
1997-12-08,594.5
1997-12-15,592.1
1997-12-22,589.8
1997-12-29,591.6
1998-01-05,591.0
1998-01-12,599.5
1998-01-19,600.0
1998-01-26,600.3
1998-02-02,602.7
1998-02-09,606.3
1998-02-16,609.3
1998-02-23,613.4
1998-03-02,615.4
1998-03-09,620.8
1998-03-16,621.5
1998-03-23,621.3
1998-03-30,622.9
1998-04-06,627.1
1998-04-13,632.8
1998-04-20,631.5
1998-04-27,632.8
1998-05-04,635.4
1998-05-11,639.6
1998-05-18,642.1
1998-05-25,645.2
1998-06-01,649.0
1998-06-08,652.1
1998-06-15,649.9
1998-06-22,651.5
1998-06-29,652.3
1998-07-06,654.4
1998-07-13,655.3
1998-07-20,655.1
1998-07-27,657.6
1998-08-03,659.0
1998-08-10,664.7
1998-08-17,668.2
1998-08-24,670.9
1998-08-31,676.3
1998-09-07,686.2
1998-09-14,689.7
1998-09-21,692.5
1998-09-28,689.4
1998-10-05,691.2
1998-10-12,698.3
1998-10-19,705.8
1998-10-26,712.0
1998-11-02,714.1
1998-11-09,715.8
1998-11-16,716.7
1998-11-23,715.8
1998-11-30,715.5
1998-12-07,721.0
1998-12-14,724.7
1998-12-21,726.5
1998-12-28,728.7
1999-01-04,728.2
1999-01-11,729.5
1999-01-18,738.5
1999-01-25,738.3
1999-02-01,741.4
1999-02-08,746.7
1999-02-15,747.9
1999-02-22,749.4
1999-03-01,747.1
1999-03-08,749.7
1999-03-15,745.6
1999-03-22,746.0
1999-03-29,749.3
1999-04-05,751.3
1999-04-12,754.0
1999-04-19,758.8
1999-04-26,760.7
1999-05-03,759.3
1999-05-10,760.8
1999-05-17,762.4
1999-05-24,767.4
1999-05-31,767.6
1999-06-07,772.2
1999-06-14,776.2
1999-06-21,775.5
1999-06-28,778.2
1999-07-05,777.0
1999-07-12,783.3
1999-07-19,785.0
1999-07-26,785.3
1999-08-02,782.7
1999-08-09,790.5
1999-08-16,793.2
1999-08-23,789.8
1999-08-30,789.8
1999-09-06,793.9
1999-09-13,795.9
1999-09-20,798.3
1999-09-27,798.8
1999-10-04,799.3
1999-10-11,801.7
1999-10-18,804.5
1999-10-25,803.4
1999-11-01,804.5
1999-11-08,809.0
1999-11-15,807.5
1999-11-22,808.4
1999-11-29,811.3
1999-12-06,814.8
1999-12-13,817.4
1999-12-20,819.7
1999-12-27,823.7
2000-01-03,832.8
2000-01-10,840.2
2000-01-17,837.8
2000-01-24,839.6
2000-01-31,843.5
2000-02-07,845.9
2000-02-14,847.0
2000-02-21,847.7
2000-02-28,849.4
2000-03-06,848.1
2000-03-13,856.9
2000-03-20,863.6
2000-03-27,864.1
2000-04-03,877.5
2000-04-10,884.5
2000-04-17,885.0
2000-04-24,883.6
2000-05-01,876.7
2000-05-08,875.1
2000-05-15,877.4
2000-05-22,879.5
2000-05-29,882.1
2000-06-05,880.7
2000-06-12,882.6
2000-06-19,879.7
2000-06-26,874.6
2000-07-03,875.2
2000-07-10,868.8
2000-07-17,869.3
2000-07-24,872.1
2000-07-31,874.7
2000-08-07,880.0
2000-08-14,877.6
2000-08-21,882.9
2000-08-28,881.5
2000-09-04,883.7
2000-09-11,888.1
2000-09-18,893.4
2000-09-25,889.7
2000-10-02,894.1
2000-10-09,893.2
2000-10-16,896.3
2000-10-23,896.1
2000-10-30,892.6
2000-11-06,889.1
2000-11-13,897.6
2000-11-20,896.4
2000-11-27,900.8
2000-12-04,904.2
2000-12-11,902.8
2000-12-18,911.5
2000-12-25,914.1
2001-01-01,919.2
2001-01-08,922.8
2001-01-15,928.3
2001-01-22,932.8
2001-01-29,928.3
2001-02-05,926.1
2001-02-12,930.7
2001-02-19,930.1
2001-02-26,931.3
2001-03-05,934.0
2001-03-12,938.7
2001-03-19,942.4
2001-03-26,951.8
2001-04-02,959.3
2001-04-09,965.7
2001-04-16,970.1
2001-04-23,971.0
2001-04-30,963.9
2001-05-07,947.0
2001-05-14,948.3
2001-05-21,946.0
2001-05-28,940.6
2001-06-04,946.2
2001-06-11,946.0
2001-06-18,952.2
2001-06-25,950.3
2001-07-02,951.3
2001-07-09,950.7
2001-07-16,952.9
2001-07-23,950.9
2001-07-30,950.7
2001-08-06,944.9
2001-08-13,945.5
2001-08-20,943.3
2001-08-27,942.1
2001-09-03,946.3
2001-09-10,948.6
2001-09-17,948.6
2001-09-24,960.5
2001-10-01,967.7
2001-10-08,967.5
2001-10-15,962.1
2001-10-22,959.2
2001-10-29,960.8
2001-11-05,962.4
2001-11-12,962.6
2001-11-19,962.4
2001-11-26,961.4
2001-12-03,966.7
2001-12-10,963.9
2001-12-17,965.0
2001-12-24,960.7
2001-12-31,963.4
2002-01-07,955.7
2002-01-14,956.2
2002-01-21,949.5
2002-01-28,948.9
2002-02-04,947.6
2002-02-11,946.9
2002-02-18,945.9
2002-02-25,942.9
2002-03-04,939.7
2002-03-11,935.0
2002-03-18,929.2
2002-03-25,925.2
2002-04-01,927.3
2002-04-08,925.4
2002-04-15,922.8
2002-04-22,919.0
2002-04-29,918.1
2002-05-06,916.2
2002-05-13,916.2
2002-05-20,912.8
2002-05-27,908.6
2002-06-03,908.0
2002-06-10,906.1
2002-06-17,909.8
2002-06-24,908.5
2002-07-01,910.1
2002-07-08,911.2
2002-07-15,914.2
2002-07-22,919.5
2002-07-29,925.2
2002-08-05,921.9
2002-08-12,916.8
2002-08-19,913.6
2002-08-26,909.0
2002-09-02,906.2
2002-09-09,901.9
2002-09-16,899.2
2002-09-23,901.5
2002-09-30,900.0
2002-10-07,897.2
2002-10-14,895.9
2002-10-21,899.5
2002-10-28,900.3
2002-11-04,900.2
2002-11-11,896.9
2002-11-18,896.3
2002-11-25,895.0
2002-12-02,891.1
2002-12-09,889.5
2002-12-16,885.5
2002-12-23,884.5
2002-12-30,881.4
2003-01-06,877.7
2003-01-13,875.5
2003-01-20,876.2
2003-01-27,878.3
2003-02-03,876.8
2003-02-10,872.6
2003-02-17,873.1
2003-02-24,872.8
2003-03-03,872.7
2003-03-10,868.2
2003-03-17,866.0
2003-03-24,865.9
2003-03-31,866.9
2003-04-07,865.2
2003-04-14,863.9
2003-04-21,863.0
2003-04-28,861.6
2003-05-05,863.0
2003-05-12,860.3
2003-05-19,855.4
2003-05-26,855.3
2003-06-02,856.0
2003-06-09,853.9
2003-06-16,851.3
2003-06-23,852.0
2003-06-30,854.7
2003-07-07,851.2
2003-07-14,845.3
2003-07-21,842.3
2003-07-28,841.3
2003-08-04,841.7
2003-08-11,842.3
2003-08-18,840.2
2003-08-25,841.6
2003-09-01,839.8
2003-09-08,836.4
2003-09-15,833.7
2003-09-22,830.0
2003-09-29,827.8
2003-10-06,816.0
2003-10-13,813.2
2003-10-20,807.6
2003-10-27,804.3
2003-11-03,802.6
2003-11-10,797.1
2003-11-17,798.5
2003-11-24,794.6
2003-12-01,790.5
2003-12-08,789.2
2003-12-15,784.0
2003-12-22,782.7
2003-12-29,777.4
2004-01-05,776.8
2004-01-12,770.4
2004-01-19,765.4
2004-01-26,763.2
2004-02-02,765.8
2004-02-09,761.1
2004-02-16,758.4
2004-02-23,756.8
2004-03-01,753.8
2004-03-08,749.9
2004-03-15,745.3
2004-03-22,748.1
2004-03-29,747.5
2004-04-05,742.6
2004-04-12,739.4
2004-04-19,740.5
2004-04-26,742.9
2004-05-03,744.5
2004-05-10,742.3
2004-05-17,745.3
2004-05-24,747.8
2004-05-31,744.1
2004-06-07,741.2
2004-06-14,739.4
2004-06-21,739.4
2004-06-28,737.4
2004-07-05,734.2
2004-07-12,732.2
2004-07-19,729.0
2004-07-26,725.9
2004-08-02,726.2
2004-08-09,724.6
2004-08-16,723.6
2004-08-23,725.0
2004-08-30,721.1
2004-09-06,718.1
2004-09-13,718.9
2004-09-20,718.5
2004-09-27,718.6
2004-10-04,717.2
2004-10-11,712.3
2004-10-18,709.8
2004-10-25,710.3
2004-11-01,710.4
2004-11-08,710.7
2004-11-15,706.4
2004-11-22,708.0
2004-11-29,705.6
2004-12-06,703.5
2004-12-13,707.9
2004-12-20,708.6
2004-12-27,706.0
2005-01-03,704.8
2005-01-10,699.6
2005-01-17,700.4
2005-01-24,703.4
2005-01-31,701.8
2005-02-07,702.2
2005-02-14,700.3
2005-02-21,700.3
2005-02-28,698.7
2005-03-07,694.4
2005-03-14,692.8
2005-03-21,693.7
2005-03-28,693.1
2005-04-04,695.4
2005-04-11,696.1
2005-04-18,696.4
2005-04-25,702.1
2005-05-02,704.3
2005-05-09,702.2
2005-05-16,698.0
2005-05-23,698.4
2005-05-30,697.4
2005-06-06,695.3
2005-06-13,696.9
2005-06-20,695.9
2005-06-27,696.1
2005-07-04,696.7
2005-07-11,697.6
2005-07-18,695.6
2005-07-25,695.1
2005-08-01,695.1
2005-08-08,694.6
2005-08-15,692.3
2005-08-22,694.9
2005-08-29,694.3
2005-09-05,696.5
2005-09-12,698.5
2005-09-19,701.4
2005-09-26,702.6
2005-10-03,703.3
2005-10-10,702.0
2005-10-17,704.5
2005-10-24,710.0
2005-10-31,712.3
2005-11-07,712.3
2005-11-14,711.6
2005-11-21,710.7
2005-11-28,708.6
2005-12-05,707.3
2005-12-12,707.9
2005-12-19,708.8
2005-12-26,712.3
2006-01-02,716.6
2006-01-09,713.9
2006-01-16,714.7
2006-01-23,715.5
2006-01-30,715.5
2006-02-06,714.6
2006-02-13,716.3
2006-02-20,717.1
2006-02-27,719.1
2006-03-06,716.8
2006-03-13,715.9
2006-03-20,717.6
2006-03-27,720.3
2006-04-03,723.6
2006-04-10,723.8
2006-04-17,725.1
2006-04-24,728.4
2006-05-01,729.5
2006-05-08,729.1
2006-05-15,726.4
2006-05-22,732.7
2006-05-29,737.7
2006-06-05,740.1
2006-06-12,740.2
2006-06-19,748.7
2006-06-26,753.2
2006-07-03,753.9
2006-07-10,755.1
2006-07-17,754.9
2006-07-24,758.9
2006-07-31,763.1
2006-08-07,764.6
2006-08-14,763.3
2006-08-21,769.1
2006-08-28,769.1
2006-09-04,771.6
2006-09-11,772.9
2006-09-18,775.1
2006-09-25,778.7
2006-10-02,781.8
2006-10-09,786.7
2006-10-16,787.7
2006-10-23,786.7
2006-10-30,788.9
2006-11-06,794.0
2006-11-13,796.5
2006-11-20,797.7
2006-11-27,800.2
2006-12-04,800.8
2006-12-11,802.4
2006-12-18,803.3
2006-12-25,805.5
2007-01-01,809.4
2007-01-08,811.7
2007-01-15,811.8
2007-01-22,815.8
2007-01-29,819.7
2007-02-05,818.4
2007-02-12,819.8
2007-02-19,821.7
2007-02-26,822.0
2007-03-05,820.5
2007-03-12,829.8
2007-03-19,829.5
2007-03-26,830.7
2007-04-02,834.5
2007-04-09,837.5
2007-04-16,841.8
2007-04-23,843.8
2007-04-30,842.5
2007-05-07,842.1
2007-05-14,844.8
2007-05-21,849.9
2007-05-28,852.0
2007-06-04,855.8
2007-06-11,859.7
2007-06-18,862.2
2007-06-25,865.8
2007-07-02,868.6
2007-07-09,872.8
2007-07-16,874.3
2007-07-23,876.1
2007-07-30,878.8
2007-08-06,882.6
2007-08-13,888.5
2007-08-20,895.2
2007-08-27,916.6
2007-09-03,915.3
2007-09-10,905.3
2007-09-17,905.1
2007-09-24,906.6
2007-10-01,909.6
2007-10-08,914.6
2007-10-15,912.4
2007-10-22,915.1
2007-10-29,919.3
2007-11-05,922.1
2007-11-12,925.6
2007-11-19,933.6
2007-11-26,942.6
2007-12-03,950.4
2007-12-10,953.6
2007-12-17,952.3
2007-12-24,953.6
2007-12-31,960.0
2008-01-07,958.4
2008-01-14,962.9
2008-01-21,974.2
2008-01-28,986.5
2008-02-04,1004.8
2008-02-11,1010.4
2008-02-18,1010.4
2008-02-25,1013.9
2008-03-03,1015.4
2008-03-10,1012.8
2008-03-17,1015.4
2008-03-24,1026.4
2008-03-31,1033.4
2008-04-07,1043.9
2008-04-14,1048.7
2008-04-21,1049.2
2008-04-28,1046.7
2008-05-05,1040.6
2008-05-12,1040.9
2008-05-19,1036.2
2008-05-26,1026.4
2008-06-02,1025.7
2008-06-09,1030.0
2008-06-16,1027.8
2008-06-23,1026.7
2008-06-30,1020.7
2008-07-07,1021.4
2008-07-14,1024.0
2008-07-21,1034.3
2008-07-28,1036.9
2008-08-04,1034.2
2008-08-11,1032.4
2008-08-18,1028.3
2008-08-25,1020.3
2008-09-01,1016.5
2008-09-08,1013.6
2008-09-15,1011.7
2008-09-22,1012.3
2008-09-29,1018.3
2008-10-06,1022.2
2008-10-13,1035.1
2008-10-20,1061.3
2008-10-27,1055.6
2008-11-03,1044.2
2008-11-10,1039.0
2008-11-17,1034.7
2008-11-24,1034.3
2008-12-01,1046.9
2008-12-08,1049.0
2008-12-15,1044.6
2008-12-22,1042.0
2008-12-29,1036.2
2009-01-05,1036.0
2009-01-12,1041.0
2009-01-19,1039.8
2009-01-26,1033.6
2009-02-02,1032.6
2009-02-09,1028.8
2009-02-16,1023.1
2009-02-23,1015.2
2009-03-02,1013.3
2009-03-09,1017.5
2009-03-16,1025.8
2009-03-23,1019.0
2009-03-30,1010.6
2009-04-06,1005.5
2009-04-13,1003.8
2009-04-20,1006.3
2009-04-27,999.3
2009-05-04,996.1
2009-05-11,986.6
2009-05-18,976.8
2009-05-25,973.0
2009-06-01,973.4
2009-06-08,965.1
2009-06-15,949.7
2009-06-22,943.9
2009-06-29,944.8
2009-07-06,936.4
2009-07-13,930.7
2009-07-20,926.3
2009-07-27,922.2
2009-08-03,919.0
2009-08-10,910.2
2009-08-17,902.4
2009-08-24,893.5
2009-08-31,890.8
2009-09-07,885.4
2009-09-14,882.3
2009-09-21,873.8
2009-09-28,864.7
2009-10-05,858.0
2009-10-12,851.0
2009-10-19,845.6
2009-10-26,836.4
2009-11-02,835.0
2009-11-09,832.3
2009-11-16,829.9
2009-11-23,821.6
2009-11-30,814.7
2009-12-07,811.3
2009-12-14,803.9
2009-12-21,799.5
2009-12-28,795.0
2010-01-04,791.7
2010-01-11,788.1
2010-01-18,780.7
2010-01-25,777.5
2010-02-01,775.0
2010-02-08,776.3
2010-02-15,774.4
2010-02-22,776.9
2010-03-01,770.8
2010-03-08,763.9
2010-03-15,754.8
2010-03-22,750.3
2010-03-29,747.7
2010-04-05,746.4
2010-04-12,744.8
2010-04-19,743.1
2010-04-26,740.4
2010-05-03,739.1
2010-05-10,733.7
2010-05-17,744.4
2010-05-24,741.3
2010-05-31,745.9
2010-06-07,747.3
2010-06-14,743.0
2010-06-21,743.4
2010-06-28,739.1
2010-07-05,737.4
2010-07-12,737.2
2010-07-19,737.9
2010-07-26,734.4
2010-08-02,736.4
2010-08-09,731.9
2010-08-16,726.6
2010-08-23,725.0
2010-08-30,722.2
2010-09-06,720.4
2010-09-13,720.7
2010-09-20,718.2
2010-09-27,714.3
2010-10-04,713.4
2010-10-11,711.2
2010-10-18,709.5
2010-10-25,706.5
2010-11-01,708.7
2010-11-08,707.4
2010-11-15,704.3
2010-11-22,703.5
2010-11-29,703.4
2010-12-06,696.7
2010-12-13,696.9
2010-12-20,696.4
2010-12-27,698.9
2011-01-03,699.3
2011-01-10,695.4
2011-01-17,692.8
2011-01-24,694.6
2011-01-31,694.0
2011-02-07,694.6
2011-02-14,692.6
2011-02-21,689.9
2011-02-28,686.7
2011-03-07,690.6
2011-03-14,685.6
2011-03-21,689.2
2011-03-28,690.3
2011-04-04,687.6
2011-04-11,684.1
2011-04-18,685.5
2011-04-25,688.2
2011-05-02,686.7
2011-05-09,683.9
2011-05-16,685.0
2011-05-23,683.7
2011-05-30,683.3
2011-06-06,681.1
2011-06-13,685.0
2011-06-20,686.9
2011-06-27,691.2
2011-07-04,689.7
2011-07-11,687.8
2011-07-18,683.7
2011-07-25,685.4
2011-08-01,688.2
2011-08-08,695.7
2011-08-15,704.0
2011-08-22,710.0
2011-08-29,701.5
2011-09-05,701.4
2011-09-12,695.6
2011-09-19,691.1
2011-09-26,692.5
2011-10-03,692.0
2011-10-10,694.2
2011-10-17,697.5
2011-10-24,697.0
2011-10-31,696.5
2011-11-07,696.0
2011-11-14,693.6
2011-11-21,690.8
2011-11-28,686.5
2011-12-05,684.9
2011-12-12,687.7
2011-12-19,686.2
2011-12-26,684.7
2012-01-02,684.4
2012-01-09,683.5
2012-01-16,681.3
2012-01-23,680.2
2012-01-30,678.5
2012-02-06,675.5
2012-02-13,673.9
2012-02-20,670.4
2012-02-27,671.3
2012-03-05,670.8
2012-03-12,668.0
2012-03-19,666.7
2012-03-26,669.0
2012-04-02,668.3
2012-04-09,668.0
2012-04-16,668.3
2012-04-23,669.7
2012-04-30,665.9
2012-05-07,666.6
2012-05-14,662.5
2012-05-21,662.5
2012-05-28,662.0
2012-06-04,659.1
2012-06-11,659.9
2012-06-18,660.5
2012-06-25,660.3
2012-07-02,656.3
2012-07-09,656.8
2012-07-16,654.8
2012-07-23,654.1
2012-07-30,653.9
2012-08-06,652.7
2012-08-13,654.7
2012-08-20,653.6
2012-08-27,652.1
2012-09-03,651.9
2012-09-10,648.1
2012-09-17,649.2
2012-09-24,650.6
2012-10-01,651.1
2012-10-08,652.5
2012-10-15,647.5
2012-10-22,646.5
2012-10-29,647.2
2012-11-05,650.3
2012-11-12,651.4
2012-11-19,652.4
2012-11-26,660.1
2012-12-03,660.8
2012-12-10,660.5
2012-12-17,661.7
2012-12-24,665.9
2012-12-31,672.4
2013-01-07,681.2
2013-01-14,679.5
2013-01-21,675.0
2013-01-28,669.9
2013-02-04,665.8
2013-02-11,664.3
2013-02-18,661.5
2013-02-25,661.4
2013-03-04,663.8
2013-03-11,664.0
2013-03-18,664.2
2013-03-25,664.9
2013-04-01,666.4
2013-04-08,664.2
2013-04-15,662.7
2013-04-22,664.4
2013-04-29,663.7
2013-05-06,658.8
2013-05-13,658.5
2013-05-20,656.2
2013-05-27,654.3
2013-06-03,656.7
2013-06-10,661.9
2013-06-17,671.8
2013-06-24,673.9
2013-07-01,680.4
2013-07-08,682.1
2013-07-15,679.4
2013-07-22,678.3
2013-07-29,673.5
2013-08-05,672.4
2013-08-12,673.2
2013-08-19,673.0
2013-08-26,675.7
2013-09-02,677.1
2013-09-09,676.0
2013-09-16,676.0
2013-09-23,672.9
2013-09-30,678.1
2013-10-07,677.5
2013-10-14,675.4
2013-10-21,676.2
2013-10-28,671.0
2013-11-04,668.2
2013-11-11,669.0
2013-11-18,667.1
2013-11-25,664.0
2013-12-02,663.5
2013-12-09,663.1
2013-12-16,663.4
2013-12-23,662.0
2013-12-30,660.7
2014-01-06,658.3
2014-01-13,658.9
2014-01-20,657.4
2014-01-27,656.5
2014-02-03,656.8
2014-02-10,659.8
2014-02-17,661.7
2014-02-24,658.5
2014-03-03,657.0
2014-03-10,656.8
2014-03-17,656.0
2014-03-24,656.7
2014-03-31,657.9
2014-04-07,660.1
2014-04-14,657.8
2014-04-21,658.0
2014-04-28,658.0
2014-05-05,656.4
2014-05-12,660.1
2014-05-19,658.1
2014-05-26,657.0
2014-06-02,658.6
2014-06-09,657.7
2014-06-16,655.1
2014-06-23,653.3
2014-06-30,651.4
2014-07-07,649.6
2014-07-14,648.5
2014-07-21,647.9
2014-07-28,650.7
2014-08-04,648.8
2014-08-11,655.0
2014-08-18,657.2
2014-08-25,653.5
2014-09-01,650.6
2014-09-08,649.2
2014-09-15,647.5
2014-09-22,647.5
2014-09-29,646.7
2014-10-06,648.0
2014-10-13,651.6
2014-10-20,651.4
2014-10-27,659.6
2014-11-03,654.3
2014-11-10,651.5
2014-11-17,648.6
2014-11-24,646.1
2014-12-01,643.0
2014-12-08,644.5
2014-12-15,639.4
2014-12-22,641.5
2014-12-29,640.1
2015-01-05,639.3
2015-01-12,640.6
2015-01-19,639.7
2015-01-26,639.4
2015-02-02,639.8
2015-02-09,635.6
2015-02-16,635.9
2015-02-23,636.7
2015-03-02,635.7
2015-03-09,633.7
2015-03-16,632.0
2015-03-23,633.5
2015-03-30,635.3
2015-04-06,634.9
2015-04-13,636.4
2015-04-20,634.7
2015-04-27,628.7
2015-05-04,627.9
2015-05-11,626.0
2015-05-18,625.3
2015-05-25,626.7
2015-06-01,629.9
2015-06-08,629.7
2015-06-15,628.7
2015-06-22,631.1
2015-06-29,633.0
2015-07-06,630.9
2015-07-13,633.9
2015-07-20,633.5
2015-07-27,632.6
2015-08-03,634.4
2015-08-10,634.1
2015-08-17,635.2
2015-08-24,636.8
2015-08-31,643.0
2015-09-07,645.7
2015-09-14,644.9
2015-09-21,646.2
2015-09-28,644.5
2015-10-05,643.1
2015-10-12,644.8
2015-10-19,645.4
2015-10-26,643.6
2015-11-02,644.8
2015-11-09,643.8
2015-11-16,649.0
2015-11-23,649.6
2015-11-30,649.5
2015-12-07,647.9
2015-12-14,642.7
2015-12-21,675.3
2015-12-28,676.5
2016-01-04,678.1
2016-01-11,746.3
2016-01-18,748.4
2016-01-25,750.6
2016-02-01,757.0
2016-02-08,754.5
2016-02-15,751.6
2016-02-22,752.5
2016-02-29,749.8
2016-03-07,748.2
2016-03-14,743.1
2016-03-21,735.9
2016-03-28,729.1
2016-04-04,728.8
2016-04-11,730.9
2016-04-18,728.7
2016-04-25,730.1
2016-05-02,731.5
2016-05-09,729.0
2016-05-16,726.7
2016-05-23,725.7
2016-05-30,722.9
2016-06-06,721.4
2016-06-13,719.1
2016-06-20,716.7
2016-06-27,713.9
2016-07-04,711.5
2016-07-11,708.4
2016-07-18,706.9
2016-07-25,709.2
2016-08-01,709.4
2016-08-08,708.4
2016-08-15,695.1
2016-08-22,684.5
2016-08-29,680.0
2016-09-05,676.3
2016-09-12,675.3
2016-09-19,670.6
2016-09-26,670.5
2016-10-03,664.9
2016-10-10,677.8
2016-10-17,674.6
2016-10-24,682.7
2016-10-31,687.1
2016-11-07,692.6
2016-11-14,699.8
2016-11-21,706.2
2016-11-28,704.0
2016-12-05,700.1
2016-12-12,701.1
2016-12-19,699.6
2016-12-26,696.0
2017-01-02,694.8
2017-01-09,692.1
2017-01-16,694.0
2017-01-23,694.7
2017-01-30,693.1
2017-02-06,692.6
2017-02-13,692.9
2017-02-20,690.2
2017-02-27,691.4
2017-03-06,692.4
2017-03-13,693.9
2017-03-20,697.4
2017-03-27,698.3
2017-04-03,701.8
2017-04-10,700.4
2017-04-17,701.8
2017-04-24,703.0
2017-05-01,703.2
2017-05-08,704.6
2017-05-15,700.9
2017-05-22,699.1
2017-05-29,698.4
2017-06-05,697.7
2017-06-12,699.3
2017-06-19,698.8
2017-06-26,698.3
2017-07-03,699.7
2017-07-10,699.7
2017-07-17,699.7
2017-07-24,697.9
2017-07-31,700.3
2017-08-07,702.9
2017-08-14,702.5
2017-08-21,709.9
2017-08-28,708.0
2017-09-04,708.0
2017-09-11,706.4
2017-09-18,707.6
2017-09-25,708.3
2017-10-02,709.9
2017-10-09,709.9
2017-10-16,708.5
2017-10-23,707.5
2017-10-30,709.6
2017-11-06,711.5
2017-11-13,709.0
2017-11-20,710.5
2017-11-27,712.2
2017-12-04,709.1
2017-12-11,713.2
2017-12-18,714.1
2017-12-25,713.5
2018-01-01,713.7
2018-01-08,712.1
2018-01-15,710.1
2018-01-22,710.9
2018-01-29,714.2
2018-02-05,713.3
2018-02-12,721.4
2018-02-19,724.4
2018-02-26,725.3
2018-03-05,722.7
2018-03-12,723.1
2018-03-19,725.6
2018-03-26,726.1
2018-04-02,725.6
2018-04-09,728.0
2018-04-16,730.3
2018-04-23,735.4
2018-04-30,744.5
2018-05-07,751.6
2018-05-14,752.5
2018-05-21,757.0
2018-05-28,755.8
2018-06-04,759.2
2018-06-11,761.5
2018-06-18,764.6
2018-06-25,764.1
2018-07-02,765.3
2018-07-09,765.8
2018-07-16,770.1
2018-07-23,770.6
2018-07-30,771.4
2018-08-06,772.3
2018-08-13,774.8
2018-08-20,776.1
2018-08-27,779.1
2018-09-03,782.9
2018-09-10,782.8
2018-09-17,785.5
2018-09-24,785.8
2018-10-01,788.1
2018-10-08,792.4
2018-10-15,794.2
2018-10-22,797.4
2018-10-29,800.2
2018-11-05,806.1
2018-11-12,809.5
2018-11-19,807.0
2018-11-26,810.1
2018-12-03,817.1
2018-12-10,809.4
2018-12-17,815.0
2018-12-24,822.0
2018-12-31,840.6
2019-01-07,853.7
2019-01-14,860.3
2019-01-21,863.2
2019-01-28,864.0
2019-02-04,865.3
2019-02-11,865.6
2019-02-18,864.9
2019-02-25,868.4
2019-03-04,870.1
2019-03-11,877.3
2019-03-18,878.4
2019-03-25,880.8
2019-04-01,887.0
2019-04-08,892.1
2019-04-15,892.7
2019-04-22,888.8
2019-04-29,890.5
2019-05-06,894.3
2019-05-13,895.5
2019-05-20,899.0
2019-05-27,901.7
2019-06-03,906.0
2019-06-10,907.6
2019-06-17,910.1
2019-06-24,909.9
2019-07-01,920.5
2019-07-08,924.4
2019-07-15,925.9
2019-07-22,931.7
2019-07-29,935.8
2019-08-05,937.3
2019-08-12,940.8
2019-08-19,943.2
2019-08-26,945.5
2019-09-02,947.9
2019-09-09,953.3
2019-09-16,957.1
2019-09-23,962.3
2019-09-30,968.9
2019-10-07,974.9
2019-10-14,976.9
2019-10-21,985.6
2019-10-28,992.3
2019-11-04,998.4
2019-11-11,1001.6
2019-11-18,1005.8
2019-11-25,993.0
2019-12-02,993.8
2019-12-09,993.9
2019-12-16,994.1
2019-12-23,989.9
2019-12-30,987.2
2020-01-06,985.1
2020-01-13,992.2
2020-01-20,996.0
2020-01-27,994.0
2020-02-03,994.2
2020-02-10,991.7
2020-02-17,989.9
2020-02-24,987.3
2020-03-02,989.1
2020-03-09,1010.1
2020-03-16,1012.1
2020-03-23,1038.3
2020-03-30,1073.5
2020-04-06,1082.0
2020-04-13,1095.3
2020-04-20,1112.6
2020-04-27,1125.8
2020-05-04,1137.9
2020-05-11,1140.8
2020-05-18,1148.1
2020-05-25,1154.8
2020-06-01,1152.6
2020-06-08,1147.3
2020-06-15,1142.6
2020-06-22,1145.7
2020-06-29,1146.5
2020-07-06,1141.4
2020-07-13,1133.6
2020-07-20,1120.6
2020-07-27,1117.5
2020-08-03,1116.9
2020-08-10,1108.7
2020-08-17,1108.1
2020-08-24,1105.1
2020-08-31,1105.7
2020-09-07,1094.7
2020-09-14,1093.9
2020-09-21,1091.6
2020-09-28,1085.8
2020-10-05,1084.4
2020-10-12,1081.7
2020-10-19,1084.0
2020-10-26,1085.0
2020-11-02,1090.7
2020-11-09,1098.9
2020-11-16,1096.8
2020-11-23,1094.1
2020-11-30,1087.2
2020-12-07,1081.9
2020-12-14,1073.1
2020-12-21,1066.0
2020-12-28,1062.2
2021-01-04,1059.4
2021-01-11,1060.2
2021-01-18,1073.0
2021-01-25,1071.8
2021-02-01,1075.4
