DATE,WSMTIME
1975-01-06,123.100
1975-01-13,123.600
1975-01-20,123.700
1975-01-27,124.000
1975-02-03,123.600
1975-02-10,124.500
1975-02-17,125.300
1975-02-24,126.400
1975-03-03,126.600
1975-03-10,127.200
1975-03-17,127.700
1975-03-24,127.900
1975-03-31,128.900
1975-04-07,129.400
1975-04-14,130.000
1975-04-21,130.300
1975-04-28,130.900
1975-05-05,131.200
1975-05-12,131.500
1975-05-19,131.400
1975-05-26,131.800
1975-06-02,132.100
1975-06-09,132.500
1975-06-16,133.100
1975-06-23,133.800
1975-06-30,134.900
1975-07-07,135.400
1975-07-14,135.900
1975-07-21,136.200
1975-07-28,136.500
1975-08-04,136.800
1975-08-11,137.000
1975-08-18,136.900
1975-08-25,137.200
1975-09-01,138.000
1975-09-08,138.200
1975-09-15,138.000
1975-09-22,137.900
1975-09-29,138.300
1975-10-06,138.500
1975-10-13,139.200
1975-10-20,139.400
1975-10-27,139.500
1975-11-03,139.600
1975-11-10,140.200
1975-11-17,140.300
1975-11-24,140.600
1975-12-01,140.700
1975-12-08,141.700
1975-12-15,142.200
1975-12-22,142.700
1975-12-29,142.900
1976-01-05,142.600
1976-01-12,143.000
1976-01-19,142.700
1976-01-26,143.000
1976-02-02,142.900
1976-02-09,142.900
1976-02-16,143.000
1976-02-23,143.000
1976-03-01,142.500
1976-03-08,142.000
1976-03-15,141.700
1976-03-22,141.200
1976-03-29,141.000
1976-04-05,140.700
1976-04-12,141.200
1976-04-19,141.100
1976-04-26,142.000
1976-05-03,142.600
1976-05-10,143.000
1976-05-17,143.400
1976-05-24,143.600
1976-05-31,143.900
1976-06-07,143.900
1976-06-14,143.900
1976-06-21,143.800
1976-06-28,144.200
1976-07-05,144.300
1976-07-12,145.100
1976-07-19,145.500
1976-07-26,146.100
1976-08-02,146.400
1976-08-09,146.900
1976-08-16,147.500
1976-08-23,148.200
1976-08-30,149.100
1976-09-06,150.000
1976-09-13,150.700
1976-09-20,151.100
1976-09-27,151.600
1976-10-04,151.600
1976-10-11,152.200
1976-10-18,152.900
1976-10-25,153.900
1976-11-01,154.300
1976-11-08,154.500
1976-11-15,153.900
1976-11-22,154.200
1976-11-29,154.400
1976-12-06,154.900
1976-12-13,155.600
1976-12-20,155.800
1976-12-27,155.400
1977-01-03,155.800
1977-01-10,156.200
1977-01-17,156.600
1977-01-24,157.400
1977-01-31,157.400
1977-02-07,157.500
1977-02-14,157.900
1977-02-21,158.400
1977-02-28,159.000
1977-03-07,159.400
1977-03-14,160.100
1977-03-21,160.600
1977-03-28,160.900
1977-04-04,161.400
1977-04-11,161.900
1977-04-18,162.200
1977-04-25,162.500
1977-05-02,163.000
1977-05-09,163.400
1977-05-16,163.800
1977-05-23,163.900
1977-05-30,164.500
1977-06-06,164.800
1977-06-13,165.100
1977-06-20,165.500
1977-06-27,165.600
1977-07-04,165.900
1977-07-11,166.300
1977-07-18,166.100
1977-07-25,166.200
1977-08-01,166.100
1977-08-08,166.100
1977-08-15,166.100
1977-08-22,166.100
1977-08-29,166.100
1977-09-05,166.100
1977-09-12,166.300
1977-09-19,166.000
1977-09-26,166.300
1977-10-03,166.500
1977-10-10,166.400
1977-10-17,166.200
1977-10-24,166.400
1977-10-31,166.100
1977-11-07,166.000
1977-11-14,166.100
1977-11-21,166.600
1977-11-28,166.500
1977-12-05,166.900
1977-12-12,167.200
1977-12-19,167.100
1977-12-26,167.700
1978-01-02,168.500
1978-01-09,168.400
1978-01-16,168.200
1978-01-23,168.400
1978-01-30,168.600
1978-02-06,168.700
1978-02-13,168.900
1978-02-20,169.700
1978-02-27,170.000
1978-03-06,170.300
1978-03-13,170.300
1978-03-20,170.400
1978-03-27,170.200
1978-04-03,170.800
1978-04-10,170.700
1978-04-17,171.000
1978-04-24,171.300
1978-05-01,171.300
1978-05-08,171.300
1978-05-15,171.700
1978-05-22,171.700
1978-05-29,172.100
1978-06-05,172.200
1978-06-12,172.600
1978-06-19,172.800
1978-06-26,173.600
1978-07-03,174.600
1978-07-10,173.900
1978-07-17,174.200
1978-07-24,174.500
1978-07-31,175.200
1978-08-07,175.100
1978-08-14,175.800
1978-08-21,175.400
1978-08-28,175.800
1978-09-04,177.000
1978-09-11,177.100
1978-09-18,177.900
1978-09-25,178.700
1978-10-02,179.900
1978-10-09,180.800
1978-10-16,179.900
1978-10-23,179.400
1978-10-30,179.900
1978-11-06,180.700
1978-11-13,181.600
1978-11-20,181.100
1978-11-27,183.000
1978-12-04,184.000
1978-12-11,183.500
1978-12-18,184.100
1978-12-25,185.700
1979-01-01,188.400
1979-01-08,188.400
1979-01-15,188.800
1979-01-22,189.300
1979-01-29,189.900
1979-02-05,190.500
1979-02-12,191.100
1979-02-19,191.600
1979-02-26,191.900
1979-03-05,192.600
1979-03-12,193.300
1979-03-19,194.100
1979-03-26,194.800
1979-04-02,196.100
1979-04-09,197.300
1979-04-16,198.400
1979-04-23,199.400
1979-04-30,200.400
1979-05-07,201.200
1979-05-14,201.900
1979-05-21,202.700
1979-05-28,203.600
1979-06-04,204.900
1979-06-11,205.600
1979-06-18,206.700
1979-06-25,207.000
1979-07-02,207.200
1979-07-09,208.000
1979-07-16,208.900
1979-07-23,210.100
1979-07-30,211.000
1979-08-06,211.900
1979-08-13,212.300
1979-08-20,213.700
1979-08-27,214.500
1979-09-03,214.900
1979-09-10,216.000
1979-09-17,216.900
1979-09-24,218.000
1979-10-01,219.700
1979-10-08,220.400
1979-10-15,221.100
1979-10-22,223.100
1979-10-29,225.100
1979-11-05,228.300
1979-11-12,229.600
1979-11-19,230.900
1979-11-26,231.600
1979-12-03,233.400
1979-12-10,234.400
1979-12-17,235.500
1979-12-24,236.500
1979-12-31,236.400
1980-01-07,237.300
1980-01-14,239.100
1980-01-21,240.700
1980-01-28,241.700
1980-02-04,243.200
1980-02-11,244.000
1980-02-18,245.400
1980-02-25,247.100
1980-03-03,248.900
1980-03-10,252.000
1980-03-17,254.200
1980-03-24,256.900
1980-03-31,258.800
1980-04-07,263.000
1980-04-14,265.800
1980-04-21,267.800
1980-04-28,269.100
1980-05-05,269.800
1980-05-12,270.400
1980-05-19,270.500
1980-05-26,270.400
1980-06-02,269.800
1980-06-09,269.500
1980-06-16,268.900
1980-06-23,269.000
1980-06-30,268.500
1980-07-07,268.300
1980-07-14,267.900
1980-07-21,267.800
1980-07-28,267.400
1980-08-04,267.000
1980-08-11,266.600
1980-08-18,266.400
1980-08-25,266.700
1980-09-01,266.400
1980-09-08,266.700
1980-09-15,267.400
1980-09-22,269.400
1980-09-29,268.1
1980-10-06,267.800
1980-10-13,270.000
1980-10-20,270.800
1980-10-27,271.400
1980-11-03,700.9
1980-11-10,703.3
1980-11-17,709.5
1980-11-24,713.5
1980-12-01,715.4
1980-12-08,719.8
1980-12-15,724.2
1980-12-22,729.1
1980-12-29,738.8
1981-01-05,743
1981-01-12,746.8
1981-01-19,749.1
1981-01-26,750.7
1981-02-02,753.8
1981-02-09,755.6
1981-02-16,756.8
1981-02-23,758.8
1981-03-02,763.5
1981-03-09,763.5
1981-03-16,765.8
1981-03-23,767.2
1981-03-30,766.4
1981-04-06,766.1
1981-04-13,766.4
1981-04-20,768
1981-04-27,768.4
1981-05-04,769.4
1981-05-11,772
1981-05-18,775.1
1981-05-25,778.3
1981-06-01,781.1
1981-06-08,784.4
1981-06-15,785
1981-06-22,785.6
1981-06-29,783
1981-07-06,783.1
1981-07-13,783.8
1981-07-20,786
1981-07-27,788.6
1981-08-03,790.5
1981-08-10,792.9
1981-08-17,796.2
1981-08-24,798.4
1981-08-31,800.2
1981-09-07,802.3
1981-09-14,803.5
1981-09-21,804.7
1981-09-28,805.4
1981-10-05,809.7
1981-10-12,815.5
1981-10-19,816.7
1981-10-26,817.6
1981-11-02,818.8
1981-11-09,820.2
1981-11-16,820.7
1981-11-23,820.3
1981-11-30,821.8
1981-12-07,822.3
1981-12-14,823.6
1981-12-21,824.2
1981-12-28,822.8
1982-01-04,821.9
1982-01-11,822.7
1982-01-18,824.2
1982-01-25,826.2
1982-02-01,827.5
1982-02-08,829.3
1982-02-15,832.1
1982-02-22,834.7
1982-03-01,837.9
1982-03-08,840.5
1982-03-15,842.4
1982-03-22,844.9
1982-03-29,847.4
1982-04-05,849.8
1982-04-12,851.5
1982-04-19,853.4
1982-04-26,854.9
1982-05-03,856.7
1982-05-10,858.5
1982-05-17,860.3
1982-05-24,861.9
1982-05-31,863.1
1982-06-07,863.2
1982-06-14,864
1982-06-21,865.6
1982-06-28,867.3
1982-07-05,869.9
1982-07-12,872.3
1982-07-19,874.5
1982-07-26,876
1982-08-02,876.4
1982-08-09,875.8
1982-08-16,875.8
1982-08-23,876.7
1982-08-30,876.9
1982-09-06,877.5
1982-09-13,877.7
1982-09-20,877.9
1982-09-27,878.1
1982-10-04,875.9
1982-10-11,869.3
1982-10-18,869.8
1982-10-25,870.3
1982-11-01,868.6
1982-11-08,866.1
1982-11-15,866
1982-11-22,867.1
1982-11-29,867.7
1982-12-06,866.4
1982-12-13,863.7
1982-12-20,850.3
1982-12-27,838.9
1983-01-03,827.4
1983-01-10,810.1
1983-01-17,795.4
1983-01-24,785.3
1983-01-31,774.6
1983-02-07,764.3
1983-02-14,757.4
1983-02-21,752.1
1983-02-28,746.1
1983-03-07,741.8
1983-03-14,737.2
1983-03-21,734.6
1983-03-28,734
1983-04-04,734
1983-04-11,732.3
1983-04-18,731.7
1983-04-25,731
1983-05-02,730.7
1983-05-09,728.6
1983-05-16,726.9
1983-05-23,725.5
1983-05-30,724.8
1983-06-06,724.7
1983-06-13,725.6
1983-06-20,725.2
1983-06-27,726.9
1983-07-04,729.7
1983-07-11,731.6
1983-07-18,733.4
1983-07-25,735.1
1983-08-01,736.8
1983-08-08,738.6
1983-08-15,740.4
1983-08-22,743
1983-08-29,745.4
1983-09-05,747
1983-09-12,748.8
1983-09-19,751
1983-09-26,752
1983-10-03,752.6
1983-10-10,757.2
1983-10-17,762.8
1983-10-24,767.3
1983-10-31,770.1
1983-11-07,772.8
1983-11-14,774.8
1983-11-21,776.7
1983-11-28,778.4
1983-12-05,780.1
1983-12-12,782.6
1983-12-19,784.5
1983-12-26,785.6
1984-01-02,787.5
1984-01-09,790
1984-01-16,792.7
1984-01-23,795.4
1984-01-30,795.4
1984-02-06,800.5
1984-02-13,801.7
1984-02-20,802.4
1984-02-27,803.1
1984-03-05,804.7
1984-03-12,806
1984-03-19,807.2
1984-03-26,808.8
1984-04-02,811.6
1984-04-09,811.8
1984-04-16,812.3
1984-04-23,814.8
1984-04-30,816.8
1984-05-07,818.6
1984-05-14,820.3
1984-05-21,822.6
1984-05-28,824.8
1984-06-04,826.4
1984-06-11,829.5
1984-06-18,832.1
1984-06-25,834.5
1984-07-02,837
1984-07-09,839.1
1984-07-16,842
1984-07-23,844.5
1984-07-30,847.6
1984-08-06,851
1984-08-13,855.1
1984-08-20,858.9
1984-08-27,861.4
1984-09-03,863.2
1984-09-10,865.6
1984-09-17,868.4
1984-09-24,870.5
1984-10-01,874
1984-10-08,875.7
1984-10-15,876.8
1984-10-22,879.1
1984-10-29,880.6
1984-11-05,882.2
1984-11-12,883.5
1984-11-19,884.7
1984-11-26,885.2
1984-12-03,887.1
1984-12-10,888.1
1984-12-17,889
1984-12-24,889.5
1984-12-31,889.2
1985-01-07,888.9
1985-01-14,888.4
1985-01-21,887.9
1985-01-28,887.3
1985-02-04,885.7
1985-02-11,885
1985-02-18,885.1
1985-02-25,884.1
1985-03-04,883.1
1985-03-11,882.5
1985-03-18,883.1
1985-03-25,884.3
1985-04-01,886.3
1985-04-08,884.9
1985-04-15,884.4
1985-04-22,886.6
1985-04-29,887.9
1985-05-06,888.8
1985-05-13,889.2
1985-05-20,890.4
1985-05-27,891.3
1985-06-03,891.3
1985-06-10,891.6
1985-06-17,891.3
1985-06-24,891.8
1985-07-01,892.1
1985-07-08,890.9
1985-07-15,889.4
1985-07-22,888.1
1985-07-29,887
1985-08-05,885.9
1985-08-12,884.9
1985-08-19,883.9
1985-08-26,883.2
1985-09-02,882.5
1985-09-09,882
1985-09-16,882.2
1985-09-23,881.9
1985-09-30,883
1985-10-07,882.9
1985-10-14,882.1
1985-10-21,881.6
1985-10-28,881.1
1985-11-04,880.7
1985-11-11,881.1
1985-11-18,881.6
1985-11-25,882.7
1985-12-02,883.4
1985-12-09,884.3
1985-12-16,885.5
1985-12-23,886.4
1985-12-30,886.6
1986-01-06,888.9
1986-01-13,889.2
1986-01-20,889.4
1986-01-27,890.4
1986-02-03,890.5
1986-02-10,891.1
1986-02-17,891.7
1986-02-24,892.1
1986-03-03,892.8
1986-03-10,893.6
1986-03-17,894.7
1986-03-24,895.4
1986-03-31,896.9
1986-04-07,895.9
1986-04-14,895
1986-04-21,895.8
1986-04-28,895.8
1986-05-05,894.9
1986-05-12,893.5
1986-05-19,891.6
1986-05-26,890.2
1986-06-02,888.9
1986-06-09,887.7
1986-06-16,886.6
1986-06-23,886.6
1986-06-30,886.4
1986-07-07,886.2
1986-07-14,885.7
1986-07-21,884.3
1986-07-28,883.5
1986-08-04,882.9
1986-08-11,882.4
1986-08-18,881.1
1986-08-25,880.5
1986-09-01,880
1986-09-08,879.4
1986-09-15,878.5
1986-09-22,876.7
1986-09-29,876.3
1986-10-06,874.6
1986-10-13,872
1986-10-20,869.7
1986-10-27,867.1
1986-11-03,864.9
1986-11-10,863.2
1986-11-17,861.7
1986-11-24,860.7
1986-12-01,860
1986-12-08,858.6
1986-12-15,858.5
1986-12-22,858.2
1986-12-29,857.8
1987-01-05,857.8
1987-01-12,857.2
1987-01-19,855.7
1987-01-26,854.9
1987-02-02,853.6
1987-02-09,852.5
1987-02-16,852.5
1987-02-23,851.7
1987-03-02,851.5
1987-03-09,850.7
1987-03-16,850
1987-03-23,849.7
1987-03-30,849.7
1987-04-06,848.7
1987-04-13,848.6
1987-04-20,847.8
1987-04-27,846.9
1987-05-04,847.1
1987-05-11,847
1987-05-18,847.5
1987-05-25,847.5
1987-06-01,848.4
1987-06-08,851.1
1987-06-15,852.9
1987-06-22,854.8
1987-06-29,856.8
1987-07-06,858.6
1987-07-13,860.7
1987-07-20,862.3
1987-07-27,864.2
1987-08-03,865.9
1987-08-10,868.2
1987-08-17,869.9
1987-08-24,871.4
1987-08-31,872.4
1987-09-07,874.7
1987-09-14,876
1987-09-21,878.4
1987-09-28,880.6
1987-10-05,883.4
1987-10-12,886.5
1987-10-19,888.5
1987-10-26,892.5
1987-11-02,898.5
1987-11-09,903.5
1987-11-16,907.6
1987-11-23,911
1987-11-30,913.2
1987-12-07,916.2
1987-12-14,919.6
1987-12-21,922.6
1987-12-28,923.7
1988-01-04,925.1
1988-01-11,928.8
1988-01-18,932.3
1988-01-25,936
1988-02-01,940.4
1988-02-08,944.7
1988-02-15,948.9
1988-02-22,951.5
1988-02-29,954.3
1988-03-07,957.8
1988-03-14,959.8
1988-03-21,961.7
1988-03-28,962.9
1988-04-04,964.2
1988-04-11,967.1
1988-04-18,968.8
1988-04-25,970.1
1988-05-02,971.7
1988-05-09,973.3
1988-05-16,974.6
1988-05-23,975.5
1988-05-30,976.2
1988-06-06,976.9
1988-06-13,977.6
1988-06-20,979.6
1988-06-27,981.3
1988-07-04,982.4
1988-07-11,984
1988-07-18,985
1988-07-25,986
1988-08-01,987.9
1988-08-08,990.6
1988-08-15,992.4
1988-08-22,994.1
1988-08-29,996.4
1988-09-05,998.9
1988-09-12,1002.8
1988-09-19,1006.9
1988-09-26,1009.4
1988-10-03,1013
1988-10-10,1016.7
1988-10-17,1019
1988-10-24,1021.3
1988-10-31,1022.4
1988-11-07,1025.3
1988-11-14,1027.4
1988-11-21,1028.9
1988-11-28,1030.3
1988-12-05,1031.8
1988-12-12,1035.3
1988-12-19,1037.2
1988-12-26,1039.3
1989-01-02,1041.5
1989-01-09,1045.4
1989-01-16,1048.5
1989-01-23,1051.8
1989-01-30,1055.6
1989-02-06,1058.2
1989-02-13,1060.1
1989-02-20,1063
1989-02-27,1064.3
1989-03-06,1067.4
1989-03-13,1070.9
1989-03-20,1074.2
1989-03-27,1077.1
1989-04-03,1080.6
1989-04-10,1086.4
1989-04-17,1090.4
1989-04-24,1094.3
1989-05-01,1099.2
1989-05-08,1104
1989-05-15,1108.3
1989-05-22,1112.5
1989-05-29,1115.7
1989-06-05,1118.3
1989-06-12,1122.3
1989-06-19,1124.9
1989-06-26,1126.5
1989-07-03,1128.6
1989-07-10,1131
1989-07-17,1133.3
1989-07-24,1134.1
1989-07-31,1135.1
1989-08-07,1138.3
1989-08-14,1139.7
1989-08-21,1140.4
1989-08-28,1141.2
1989-09-04,1141.2
1989-09-11,1141.9
1989-09-18,1142.6
1989-09-25,1143.5
1989-10-02,1144.4
1989-10-09,1145.2
1989-10-16,1146.1
1989-10-23,1146.4
1989-10-30,1145.9
1989-11-06,1145.7
1989-11-13,1147
1989-11-20,1148.3
1989-11-27,1148.7
1989-12-04,1149.8
1989-12-11,1151.6
1989-12-18,1152
1989-12-25,1151.7
1990-01-01,1150.0
1990-01-08,1150.2
1990-01-15,1150.9
1990-01-22,1150.9
1990-01-29,1150.9
1990-02-05,1151.2
1990-02-12,1151.2
1990-02-19,1151.8
1990-02-26,1152.2
1990-03-05,1153.1
1990-03-12,1153.8
1990-03-19,1153.6
1990-03-26,1153.6
1990-04-02,1156.2
1990-04-09,1156.0
1990-04-16,1155.9
1990-04-23,1156.6
1990-04-30,1157.3
1990-05-07,1157.0
1990-05-14,1157.8
1990-05-21,1159.1
1990-05-28,1159.4
1990-06-04,1159.9
1990-06-11,1160.9
1990-06-18,1162.1
1990-06-25,1161.6
1990-07-02,1162.7
1990-07-09,1163.8
1990-07-16,1163.9
1990-07-23,1165.5
1990-07-30,1166.0
1990-08-06,1166.4
1990-08-13,1166.7
1990-08-20,1165.6
1990-08-27,1165.6
1990-09-03,1165.8
1990-09-10,1166.6
1990-09-17,1167.0
1990-09-24,1166.5
1990-10-01,1167.8
1990-10-08,1169.2
1990-10-15,1168.5
1990-10-22,1168.8
1990-10-29,1169.1
1990-11-05,1169.4
1990-11-12,1169.6
1990-11-19,1170.3
1990-11-26,1171.3
1990-12-03,1172.0
1990-12-10,1172.6
1990-12-17,1173.1
1990-12-24,1173.8
1990-12-31,1174.0
1991-01-07,1174.6
1991-01-14,1174.3
1991-01-21,1174.4
1991-01-28,1173.9
1991-02-04,1174.1
1991-02-11,1174.9
1991-02-18,1174.4
1991-02-25,1173.3
1991-03-04,1172.4
1991-03-11,1170.8
1991-03-18,1169.3
1991-03-25,1167.4
1991-04-01,1166.2
1991-04-08,1164.6
1991-04-15,1161.9
1991-04-22,1160.4
1991-04-29,1157.9
1991-05-06,1155.7
1991-05-13,1152.8
1991-05-20,1150.7
1991-05-27,1147.9
1991-06-03,1145.2
1991-06-10,1142.7
1991-06-17,1139.9
1991-06-24,1136.4
1991-07-01,1135.4
1991-07-08,1133.0
1991-07-15,1129.4
1991-07-22,1127.4
1991-07-29,1125.1
1991-08-05,1123.0
1991-08-12,1121.5
1991-08-19,1120.0
1991-08-26,1118.2
1991-09-02,1115.6
1991-09-09,1113.8
1991-09-16,1110.9
1991-09-23,1107.6
1991-09-30,1104.3
1991-10-07,1101.8
1991-10-14,1098.3
1991-10-21,1095.2
1991-10-28,1091.6
1991-11-04,1088.0
1991-11-11,1085.1
1991-11-18,1081.7
1991-11-25,1077.9
1991-12-02,1074.4
1991-12-09,1070.2
1991-12-16,1066.8
1991-12-23,1063.3
1991-12-30,1059.7
1992-01-06,1055.3
1992-01-13,1048.2
1992-01-20,1042.3
1992-01-27,1036.2
1992-02-03,1030.7
1992-02-10,1025.2
1992-02-17,1020.3
1992-02-24,1016.1
1992-03-02,1011.8
1992-03-09,1007.4
1992-03-16,1002.7
1992-03-23,998.0
1992-03-30,993.8
1992-04-06,990.8
1992-04-13,985.9
1992-04-20,981.7
1992-04-27,976.9
1992-05-04,972.0
1992-05-11,967.5
1992-05-18,964.0
1992-05-25,960.9
1992-06-01,957.7
1992-06-08,955.1
1992-06-15,952.0
1992-06-22,949.0
1992-06-29,945.6
1992-07-06,943.4
1992-07-13,939.8
1992-07-20,936.5
1992-07-27,933.1
1992-08-03,929.8
1992-08-10,926.2
1992-08-17,922.9
1992-08-24,920.1
1992-08-31,917.0
1992-09-07,914.7
1992-09-14,911.8
1992-09-21,908.7
1992-09-28,905.1
1992-10-05,901.6
1992-10-12,897.8
1992-10-19,894.2
1992-10-26,891.1
1992-11-02,887.3
1992-11-09,883.4
1992-11-16,880.0
1992-11-23,877.4
1992-11-30,875.0
1992-12-07,872.3
1992-12-14,869.6
1992-12-21,867.0
1992-12-28,864.4
1993-01-04,861.5
1993-01-11,859.0
1993-01-18,856.8
1993-01-25,855.3
1993-02-01,853.6
1993-02-08,851.7
1993-02-15,849.9
1993-02-22,848.2
1993-03-01,846.6
1993-03-08,845.0
1993-03-15,843.2
1993-03-22,841.2
1993-03-29,839.3
1993-04-05,838.3
1993-04-12,836.4
1993-04-19,834.6
1993-04-26,832.7
1993-05-03,831.2
1993-05-10,829.5
1993-05-17,827.7
1993-05-24,826.3
1993-05-31,824.9
1993-06-07,822.7
1993-06-14,820.5
1993-06-21,818.4
1993-06-28,816.1
1993-07-05,815.0
1993-07-12,812.4
1993-07-19,810.4
1993-07-26,808.8
1993-08-02,807.0
1993-08-09,805.4
1993-08-16,803.9
1993-08-23,802.6
1993-08-30,801.0
1993-09-06,799.9
1993-09-13,798.6
1993-09-20,797.1
1993-09-27,795.6
1993-10-04,794.8
1993-10-11,793.1
1993-10-18,791.6
1993-10-25,790.6
1993-11-01,789.5
1993-11-08,788.1
1993-11-15,787.0
1993-11-22,785.8
1993-11-29,784.8
1993-12-06,783.8
1993-12-13,782.5
1993-12-20,781.2
1993-12-27,780.1
1994-01-03,778.5
1994-01-10,777.0
1994-01-17,775.3
1994-01-24,774.1
1994-01-31,772.9
1994-02-07,772.0
1994-02-14,770.3
1994-02-21,769.2
1994-02-28,767.9
1994-03-07,766.9
1994-03-14,766.1
1994-03-21,765.7
1994-03-28,765.0
1994-04-04,764.2
1994-04-11,763.6
1994-04-18,763.5
1994-04-25,763.2
1994-05-02,764.3
1994-05-09,764.7
1994-05-16,764.6
1994-05-23,764.8
1994-05-30,765.1
1994-06-06,765.8
1994-06-13,766.6
1994-06-20,767.6
1994-06-27,769.9
1994-07-04,770.7
1994-07-11,771.4
1994-07-18,773.0
1994-07-25,774.8
1994-08-01,775.9
1994-08-08,777.6
1994-08-15,779.1
1994-08-22,780.5
1994-08-29,781.0
1994-09-05,782.7
1994-09-12,784.6
1994-09-19,786.3
1994-09-26,787.9
1994-10-03,789.8
1994-10-10,793.2
1994-10-17,795.4
1994-10-24,798.3
1994-10-31,800.6
1994-11-07,803.6
1994-11-14,806.1
1994-11-21,807.9
1994-11-28,809.8
1994-12-05,812.5
1994-12-12,815.1
1994-12-19,817.4
1994-12-26,819.7
1995-01-02,822.7
1995-01-09,826.6
1995-01-16,831.4
1995-01-23,836.3
1995-01-30,840.7
1995-02-06,844.7
1995-02-13,849.6
1995-02-20,855.5
1995-02-27,861.1
1995-03-06,867.4
1995-03-13,873.2
1995-03-20,877.4
1995-03-27,880.8
1995-04-03,884.2
1995-04-10,888.4
1995-04-17,892.5
1995-04-24,896.6
1995-05-01,899.5
1995-05-08,902.8
1995-05-15,906.2
1995-05-22,908.5
1995-05-29,909.9
1995-06-05,911.3
1995-06-12,912.8
1995-06-19,913.9
1995-06-26,914.5
1995-07-03,915.6
1995-07-10,917.2
1995-07-17,919.4
1995-07-24,920.4
1995-07-31,920.9
1995-08-07,921.7
1995-08-14,922.1
1995-08-21,923.0
1995-08-28,923.4
1995-09-04,924.1
1995-09-11,924.9
1995-09-18,925.4
1995-09-25,925.8
1995-10-02,926.0
1995-10-09,926.2
1995-10-16,926.5
1995-10-23,927.6
1995-10-30,928.2
1995-11-06,929.1
1995-11-13,930.2
1995-11-20,930.8
1995-11-27,931.5
1995-12-04,931.9
1995-12-11,932.1
1995-12-18,932.5
1995-12-25,932.5
1996-01-01,932.6
1996-01-08,933.1
1996-01-15,932.9
1996-01-22,933.0
1996-01-29,933.4
1996-02-05,934.5
1996-02-12,934.5
1996-02-19,934.5
1996-02-26,934.3
1996-03-04,933.7
1996-03-11,933.5
1996-03-18,932.9
1996-03-25,932.8
1996-04-01,933.0
1996-04-08,933.3
1996-04-15,932.7
1996-04-22,932.6
1996-04-29,932.7
1996-05-06,932.9
1996-05-13,932.2
1996-05-20,932.2
1996-05-27,932.1
1996-06-03,931.5
1996-06-10,931.2
1996-06-17,931.3
1996-06-24,931.4
1996-07-01,931.9
1996-07-08,932.7
1996-07-15,932.7
1996-07-22,933.6
1996-07-29,934.4
1996-08-05,935.1
1996-08-12,936.5
1996-08-19,937.8
1996-08-26,938.8
1996-09-02,939.5
1996-09-09,939.9
1996-09-16,940.9
1996-09-23,941.3
1996-09-30,941.8
1996-10-07,943.1
1996-10-14,943.5
1996-10-21,944.1
1996-10-28,944.7
1996-11-04,945.5
1996-11-11,945.7
1996-11-18,946.3
1996-11-25,947.1
1996-12-02,947.9
1996-12-09,948.0
1996-12-16,948.0
1996-12-23,947.9
1996-12-30,947.4
1997-01-06,948.4
1997-01-13,948.5
1997-01-20,949.1
1997-01-27,949.6
1997-02-03,949.8
1997-02-10,950.3
1997-02-17,950.7
1997-02-24,951.4
1997-03-03,951.7
1997-03-10,951.6
1997-03-17,952.0
1997-03-24,952.2
1997-03-31,952.2
1997-04-07,952.7
1997-04-14,953.0
1997-04-21,954.3
1997-04-28,955.4
1997-05-05,956.8
1997-05-12,957.6
1997-05-19,958.4
1997-05-26,959.2
1997-06-02,960.3
1997-06-09,961.3
1997-06-16,961.9
1997-06-23,962.4
1997-06-30,962.9
1997-07-07,964.6
1997-07-14,964.6
1997-07-21,965.2
1997-07-28,965.3
1997-08-04,965.8
1997-08-11,966.0
1997-08-18,966.4
1997-08-25,966.6
1997-09-01,966.5
1997-09-08,966.6
1997-09-15,966.9
1997-09-22,967.1
1997-09-29,966.7
1997-10-06,967.7
1997-10-13,967.7
1997-10-20,967.4
1997-10-27,967.5
1997-11-03,967.2
1997-11-10,967.0
1997-11-17,967.1
1997-11-24,967.2
1997-12-01,967.3
1997-12-08,967.0
1997-12-15,967.5
1997-12-22,968.2
1997-12-29,967.3
1998-01-05,968.3
1998-01-12,968.5
1998-01-19,969.2
1998-01-26,969.3
1998-02-02,969.0
1998-02-09,969.4
1998-02-16,969.2
1998-02-23,969.2
1998-03-02,968.9
1998-03-09,969.3
1998-03-16,968.8
1998-03-23,968.9
1998-03-30,968.1
1998-04-06,968.7
1998-04-13,968.4
1998-04-20,967.6
1998-04-27,966.7
1998-05-04,966.2
1998-05-11,966.0
1998-05-18,966.0
1998-05-25,965.5
1998-06-01,965.0
1998-06-08,965.5
1998-06-15,965.9
1998-06-22,965.5
1998-06-29,965.1
1998-07-06,965.2
1998-07-13,964.3
1998-07-20,963.5
1998-07-27,962.7
1998-08-03,961.7
1998-08-10,961.1
1998-08-17,960.7
1998-08-24,960.5
1998-08-31,959.9
1998-09-07,959.3
1998-09-14,959.4
1998-09-21,959.0
1998-09-28,958.1
1998-10-05,958.6
1998-10-12,958.4
1998-10-19,957.8
1998-10-26,957.6
1998-11-02,956.4
1998-11-09,955.8
1998-11-16,955.0
1998-11-23,954.6
1998-11-30,953.9
1998-12-07,952.8
1998-12-14,951.9
1998-12-21,950.9
1998-12-28,950.1
1999-01-04,949.2
1999-01-11,947.6
1999-01-18,945.8
1999-01-25,944.9
1999-02-01,944.0
1999-02-08,942.9
1999-02-15,941.7
1999-02-22,941.1
1999-03-01,940.7
1999-03-08,939.8
1999-03-15,939.4
1999-03-22,938.8
1999-03-29,938.3
1999-04-05,938.2
1999-04-12,937.1
1999-04-19,936.4
1999-04-26,935.7
1999-05-03,934.3
1999-05-10,933.5
1999-05-17,933.0
1999-05-24,932.7
1999-05-31,932.6
1999-06-07,930.2
1999-06-14,929.8
1999-06-21,929.6
1999-06-28,929.2
1999-07-05,930.0
1999-07-12,929.8
1999-07-19,930.6
1999-07-26,931.8
1999-08-02,931.6
1999-08-09,931.1
1999-08-16,931.5
1999-08-23,932.5
1999-08-30,933.4
1999-09-06,934.8
1999-09-13,935.7
1999-09-20,937.3
1999-09-27,937.4
1999-10-04,938.7
1999-10-11,939.7
1999-10-18,941.3
1999-10-25,942.9
1999-11-01,944.4
1999-11-08,946.1
1999-11-15,947.9
1999-11-22,950.0
1999-11-29,951.4
1999-12-06,952.3
1999-12-13,953.9
1999-12-20,955.4
1999-12-27,956.7
2000-01-03,960.0
2000-01-10,963.2
2000-01-17,965.1
2000-01-24,967.2
2000-01-31,968.7
2000-02-07,969.3
2000-02-14,970.7
2000-02-21,972.6
2000-02-28,974.2
2000-03-06,976.5
2000-03-13,977.2
2000-03-20,981.3
2000-03-27,982.3
2000-04-03,984.7
2000-04-10,987.8
2000-04-17,989.0
2000-04-24,990.2
2000-05-01,990.9
2000-05-08,991.7
2000-05-15,992.6
2000-05-22,993.5
2000-05-29,995.4
2000-06-05,998.3
2000-06-12,1001.7
2000-06-19,1004.6
2000-06-26,1006.9
2000-07-03,1009.3
2000-07-10,1011.4
2000-07-17,1013.4
2000-07-24,1016.2
2000-07-31,1018.0
2000-08-07,1019.7
2000-08-14,1022.1
2000-08-21,1024.0
2000-08-28,1025.3
2000-09-04,1026.7
2000-09-11,1027.3
2000-09-18,1028.1
2000-09-25,1032.0
2000-10-02,1032.3
2000-10-09,1033.1
2000-10-16,1033.9
2000-10-23,1035.6
2000-10-30,1037.0
2000-11-06,1038.2
2000-11-13,1039.3
2000-11-20,1040.2
2000-11-27,1041.3
2000-12-04,1042.4
2000-12-11,1044.5
2000-12-18,1046.1
2000-12-25,1047.6
2001-01-01,1048.1
2001-01-08,1049.9
2001-01-15,1051.8
2001-01-22,1052.6
2001-01-29,1052.7
2001-02-05,1053.5
2001-02-12,1052.6
2001-02-19,1052.6
2001-02-26,1051.3
2001-03-05,1050.2
2001-03-12,1049.4
2001-03-19,1049.1
2001-03-26,1048.4
2001-04-02,1046.7
2001-04-09,1046.0
2001-04-16,1044.3
2001-04-23,1043.1
2001-04-30,1042.2
2001-05-07,1042.4
2001-05-14,1040.5
2001-05-21,1039.1
2001-05-28,1037.1
2001-06-04,1035.1
2001-06-11,1033.4
2001-06-18,1031.3
2001-06-25,1029.1
2001-07-02,1027.4
2001-07-09,1025.5
2001-07-16,1023.5
2001-07-23,1021.9
2001-07-30,1020.0
2001-08-06,1018.5
2001-08-13,1017.0
2001-08-20,1016.0
2001-08-27,1014.8
2001-09-03,1013.4
2001-09-10,1012.6
2001-09-17,1010.0
2001-09-24,1008.6
2001-10-01,1007.1
2001-10-08,1005.7
2001-10-15,1002.5
2001-10-22,1000.4
2001-10-29,996.7
2001-11-05,993.6
2001-11-12,991.0
2001-11-19,988.0
2001-11-26,985.4
2001-12-03,982.0
2001-12-10,978.0
2001-12-17,974.9
2001-12-24,972.1
2001-12-31,969.9
2002-01-07,967.0
2002-01-14,962.7
2002-01-21,960.2
2002-01-28,956.1
2002-02-04,953.7
2002-02-11,951.5
2002-02-18,949.7
2002-02-25,947.7
2002-03-04,945.5
2002-03-11,943.0
2002-03-18,940.9
2002-03-25,938.7
2002-04-01,936.0
2002-04-08,934.4
2002-04-15,933.0
2002-04-22,932.0
2002-04-29,930.9
2002-05-06,929.8
2002-05-13,928.4
2002-05-20,927.6
2002-05-27,926.7
2002-06-03,925.6
2002-06-10,925.0
2002-06-17,924.6
2002-06-24,923.6
2002-07-01,922.9
2002-07-08,922.2
2002-07-15,921.0
2002-07-22,920.0
2002-07-29,919.5
2002-08-05,918.1
2002-08-12,917.4
2002-08-19,916.2
2002-08-26,914.3
2002-09-02,912.3
2002-09-09,910.7
2002-09-16,909.0
2002-09-23,906.4
2002-09-30,905.2
2002-10-07,904.4
2002-10-14,903.5
2002-10-21,902.7
2002-10-28,901.5
2002-11-04,900.6
2002-11-11,900.3
2002-11-18,899.3
2002-11-25,898.8
2002-12-02,898.2
2002-12-09,896.6
2002-12-16,895.5
2002-12-23,893.8
2002-12-30,892.6
2003-01-06,892.2
2003-01-13,889.6
2003-01-20,887.8
2003-01-27,886.5
2003-02-03,885.4
2003-02-10,883.4
2003-02-17,882.3
2003-02-24,880.9
2003-03-03,879.8
2003-03-10,878.4
2003-03-17,877.7
2003-03-24,877.1
2003-03-31,875.1
2003-04-07,874.3
2003-04-14,873.4
2003-04-21,872.1
2003-04-28,870.3
2003-05-05,869.0
2003-05-12,867.1
2003-05-19,865.5
2003-05-26,863.8
2003-06-02,861.7
2003-06-09,860.8
2003-06-16,859.0
2003-06-23,858.3
2003-06-30,854.0
2003-07-07,851.1
2003-07-14,849.0
2003-07-21,847.2
2003-07-28,844.7
2003-08-04,841.5
2003-08-11,839.1
2003-08-18,836.8
2003-08-25,834.8
2003-09-01,833.0
2003-09-08,831.7
2003-09-15,830.5
2003-09-22,828.9
2003-09-29,827.4
2003-10-06,826.1
2003-10-13,825.5
2003-10-20,824.1
2003-10-27,823.3
2003-11-03,821.8
2003-11-10,820.8
2003-11-17,820.2
2003-11-24,819.8
2003-12-01,820.0
2003-12-08,819.5
2003-12-15,818.8
2003-12-22,818.2
2003-12-29,817.4
2004-01-05,816.8
2004-01-12,815.8
2004-01-19,815.7
2004-01-26,815.5
2004-02-02,814.9
2004-02-09,814.3
2004-02-16,813.5
2004-02-23,813.0
2004-03-01,812.4
2004-03-08,812.1
2004-03-15,811.7
2004-03-22,811.2
2004-03-29,810.6
2004-04-05,810.0
2004-04-12,809.3
2004-04-19,808.6
2004-04-26,807.7
2004-05-03,807.2
2004-05-10,806.7
2004-05-17,805.5
2004-05-24,804.7
2004-05-31,804.2
2004-06-07,805.2
2004-06-14,805.1
2004-06-21,804.9
2004-06-28,804.5
2004-07-05,804.8
2004-07-12,804.6
2004-07-19,805.6
2004-07-26,806.4
2004-08-02,806.9
2004-08-09,807.4
2004-08-16,807.7
2004-08-23,808.0
2004-08-30,808.5
2004-09-06,809.8
2004-09-13,810.0
2004-09-20,810.4
2004-09-27,810.8
2004-10-04,812.0
2004-10-11,813.5
2004-10-18,814.9
2004-10-25,816.5
2004-11-01,818.2
2004-11-08,819.3
2004-11-15,819.6
2004-11-22,821.4
2004-11-29,823.4
2004-12-06,824.6
2004-12-13,826.7
2004-12-20,828.9
2004-12-27,831.3
2005-01-03,834.9
2005-01-10,837.3
2005-01-17,840.2
2005-01-24,843.4
2005-01-31,846.0
2005-02-07,848.8
2005-02-14,851.3
2005-02-21,855.3
2005-02-28,858.8
2005-03-07,862.4
2005-03-14,865.6
2005-03-21,869.0
2005-03-28,872.0
2005-04-04,875.6
2005-04-11,879.9
2005-04-18,884.5
2005-04-25,888.2
2005-05-02,892.6
2005-05-09,897.2
2005-05-16,900.8
2005-05-23,905.3
2005-05-30,909.9
2005-06-06,913.3
2005-06-13,916.8
2005-06-20,920.0
2005-06-27,922.5
2005-07-04,926.7
2005-07-11,929.7
2005-07-18,933.2
2005-07-25,937.1
2005-08-01,940.2
2005-08-08,944.1
2005-08-15,946.8
2005-08-22,950.0
2005-08-29,952.4
2005-09-05,955.3
2005-09-12,957.6
2005-09-19,960.6
2005-09-26,962.7
2005-10-03,963.8
2005-10-10,965.2
2005-10-17,967.4
2005-10-24,970.4
2005-10-31,972.6
2005-11-07,975.1
2005-11-14,978.2
2005-11-21,981.2
2005-11-28,984.9
2005-12-05,987.6
2005-12-12,991.1
2005-12-19,994.1
2005-12-26,996.1
2006-01-02,999.5
2006-01-09,1002.5
2006-01-16,1005.4
2006-01-23,1009.2
2006-01-30,1013.4
2006-02-06,1016.6
2006-02-13,1022.1
2006-02-20,1027.1
2006-02-27,1031.4
2006-03-06,1034.9
2006-03-13,1040.3
2006-03-20,1045.0
2006-03-27,1048.9
2006-04-03,1051.4
2006-04-10,1054.7
2006-04-17,1064.1
2006-04-24,1068.1
2006-05-01,1072.7
2006-05-08,1077.6
2006-05-15,1082.1
2006-05-22,1086.0
2006-05-29,1090.2
2006-06-05,1095.1
2006-06-12,1099.7
2006-06-19,1104.5
2006-06-26,1109.6
2006-07-03,1116.2
2006-07-10,1121.1
2006-07-17,1127.0
2006-07-24,1133.4
2006-07-31,1139.3
2006-08-07,1144.5
2006-08-14,1147.9
2006-08-21,1153.6
2006-08-28,1158.5
2006-09-04,1163.0
2006-09-11,1165.3
2006-09-18,1168.5
2006-09-25,1174.5
2006-10-02,1178.8
2006-10-09,1182.0
2006-10-16,1184.6
2006-10-23,1188.0
2006-10-30,1191.1
2006-11-06,1192.9
2006-11-13,1194.8
2006-11-20,1196.9
2006-11-27,1199.5
2006-12-04,1201.8
2006-12-11,1204.7
2006-12-18,1206.0
2006-12-25,1207.5
2007-01-01,1207.4
2007-01-08,1210.6
2007-01-15,1211.7
2007-01-22,1213.6
2007-01-29,1216.2
2007-02-05,1218.8
2007-02-12,1221.2
2007-02-19,1223.3
2007-02-26,1226.5
2007-03-05,1227.3
2007-03-12,1230.1
2007-03-19,1232.2
2007-03-26,1234.1
2007-04-02,1238.0
2007-04-09,1241.6
2007-04-16,1241.9
2007-04-23,1243.3
2007-04-30,1244.7
2007-05-07,1246.7
2007-05-14,1248.0
2007-05-21,1248.0
2007-05-28,1248.3
2007-06-04,1248.2
2007-06-11,1248.2
2007-06-18,1248.6
2007-06-25,1248.7
2007-07-02,1249.9
2007-07-09,1250.3
2007-07-16,1251.0
2007-07-23,1251.7
2007-07-30,1252.3
2007-08-06,1254.0
2007-08-13,1253.8
2007-08-20,1255.6
2007-08-27,1257.9
2007-09-03,1261.2
2007-09-10,1261.4
2007-09-17,1265.0
2007-09-24,1269.3
2007-10-01,1270.8
2007-10-08,1270.4
2007-10-15,1270.5
2007-10-22,1270.9
2007-10-29,1271.2
2007-11-05,1271.9
2007-11-12,1272.8
2007-11-19,1272.5
2007-11-26,1273.0
2007-12-03,1273.1
2007-12-10,1274.2
2007-12-17,1275.6
2007-12-24,1277.6
2007-12-31,1276.7
2008-01-07,1278.2
2008-01-14,1278.9
2008-01-21,1283.3
2008-01-28,1287.0
2008-02-04,1290.3
2008-02-11,1289.1
2008-02-18,1287.2
2008-02-25,1284.3
2008-03-03,1281.4
2008-03-10,1279.7
2008-03-17,1278.9
2008-03-24,1280.3
2008-03-31,1278.2
2008-04-07,1278.4
2008-04-14,1278.7
2008-04-21,1278.2
2008-04-28,1278.9
2008-05-05,1278.2
2008-05-12,1278.6
2008-05-19,1278.2
2008-05-26,1276.7
2008-06-02,1275.0
2008-06-09,1275.2
2008-06-16,1274.2
2008-06-23,1272.7
2008-06-30,1274.9
2008-07-07,1278.4
2008-07-14,1278.9
2008-07-21,1283.8
2008-07-28,1293.1
2008-08-04,1301.8
2008-08-11,1309.2
2008-08-18,1314.1
2008-08-25,1317.2
2008-09-01,1319.3
2008-09-08,1321.9
2008-09-15,1331.3
2008-09-22,1340.9
2008-09-29,1354.4
2008-10-06,1373.9
2008-10-13,1391.0
2008-10-20,1403.1
2008-10-27,1413.1
2008-11-03,1421.2
2008-11-10,1427.9
2008-11-17,1432.0
2008-11-24,1437.5
2008-12-01,1445.2
2008-12-08,1449.8
2008-12-15,1456.7
2008-12-22,1462.3
2008-12-29,1462.3
2009-01-05,1458.2
2009-01-12,1453.6
2009-01-19,1448.5
2009-01-26,1444.6
2009-02-02,1439.2
2009-02-09,1439.6
2009-02-16,1437.8
2009-02-23,1434.9
2009-03-02,1430.2
2009-03-09,1427.3
2009-03-16,1426.3
2009-03-23,1422.9
2009-03-30,1418.6
2009-04-06,1412.5
2009-04-13,1406.8
2009-04-20,1401.3
2009-04-27,1397.0
2009-05-04,1397.7
2009-05-11,1391.7
2009-05-18,1386.7
2009-05-25,1383.2
2009-06-01,1377.8
2009-06-08,1373.4
2009-06-15,1366.9
2009-06-22,1359.2
2009-06-29,1353.4
2009-07-06,1345.6
2009-07-13,1341.2
2009-07-20,1335.0
2009-07-27,1328.5
2009-08-03,1321.8
2009-08-10,1315.8
2009-08-17,1309.0
2009-08-24,1302.5
2009-08-31,1293.7
2009-09-07,1288.0
2009-09-14,1280.0
2009-09-21,1271.7
2009-09-28,1264.0
2009-10-05,1253.3
2009-10-12,1246.7
2009-10-19,1239.7
2009-10-26,1233.5
2009-11-02,1228.5
2009-11-09,1222.6
2009-11-16,1215.6
2009-11-23,1211.7
2009-11-30,1206.7
2009-12-07,1199.7
2009-12-14,1193.4
2009-12-21,1187.3
2009-12-28,1180.8
2010-01-04,1173.1
2010-01-11,1166.1
2010-01-18,1160.0
2010-01-25,1154.0
2010-02-01,1149.3
2010-02-08,1145.5
2010-02-15,1140.5
2010-02-22,1135.7
2010-03-01,1130.3
2010-03-08,1125.4
2010-03-15,1120.2
2010-03-22,1115.9
2010-03-29,1111.8
2010-04-05,1106.7
2010-04-12,1102.2
2010-04-19,1098.3
2010-04-26,1093.4
2010-05-03,1088.0
2010-05-10,1083.4
2010-05-17,1079.4
2010-05-24,1074.9
2010-05-31,1070.6
2010-06-07,1067.0
2010-06-14,1062.8
2010-06-21,1058.3
2010-06-28,1054.2
2010-07-05,1049.9
2010-07-12,1046.1
2010-07-19,1043.0
2010-07-26,1039.6
2010-08-02,1036.0
2010-08-09,1032.2
2010-08-16,1028.4
2010-08-23,1024.3
2010-08-30,1019.4
2010-09-06,1014.5
2010-09-13,1008.7
2010-09-20,1003.1
2010-09-27,997.5
2010-10-04,991.0
2010-10-11,985.7
2010-10-18,980.8
2010-10-25,976.2
2010-11-01,970.5
2010-11-08,964.8
2010-11-15,959.1
2010-11-22,953.6
2010-11-29,948.6
2010-12-06,942.8
2010-12-13,938.2
2010-12-20,933.6
2010-12-27,929.6
2011-01-03,923.6
2011-01-10,920.3
2011-01-17,916.0
2011-01-24,911.9
2011-01-31,908.6
2011-02-07,905.7
2011-02-14,902.7
2011-02-21,900.2
2011-02-28,897.3
2011-03-07,894.0
2011-03-14,890.6
2011-03-21,887.2
2011-03-28,883.9
2011-04-04,881.6
2011-04-11,878.7
2011-04-18,875.9
2011-04-25,873.6
2011-05-02,870.2
2011-05-09,866.9
2011-05-16,863.9
2011-05-23,860.3
2011-05-30,857.7
2011-06-06,854.7
2011-06-13,851.4
2011-06-20,847.9
2011-06-27,844.3
2011-07-04,840.8
2011-07-11,837.4
2011-07-18,834.1
2011-07-25,830.5
2011-08-01,826.7
2011-08-08,823.7
2011-08-15,820.5
2011-08-22,817.6
2011-08-29,814.6
2011-09-05,812.0
2011-09-12,808.5
2011-09-19,805.1
2011-09-26,802.1
2011-10-03,798.2
2011-10-10,795.9
2011-10-17,793.6
2011-10-24,791.6
2011-10-31,789.4
2011-11-07,786.6
2011-11-14,784.6
2011-11-21,782.0
2011-11-28,781.6
2011-12-05,779.9
2011-12-12,778.5
2011-12-19,777.3
2011-12-26,775.3
2012-01-02,773.6
2012-01-09,770.2
2012-01-16,767.5
2012-01-23,765.2
2012-01-30,762.2
2012-02-06,759.7
2012-02-13,756.8
2012-02-20,754.2
2012-02-27,751.1
2012-03-05,747.8
2012-03-12,744.7
2012-03-19,741.7
2012-03-26,738.0
2012-04-02,735.2
2012-04-09,733.1
2012-04-16,730.4
2012-04-23,727.6
2012-04-30,725.6
2012-05-07,723.4
2012-05-14,720.2
2012-05-21,717.3
2012-05-28,714.4
2012-06-04,712.8
2012-06-11,711.3
2012-06-18,709.7
2012-06-25,707.9
2012-07-02,704.2
2012-07-09,700.7
2012-07-16,698.7
2012-07-23,696.8
2012-07-30,695.3
2012-08-06,693.4
2012-08-13,691.6
2012-08-20,689.7
2012-08-27,688.5
2012-09-03,686.6
2012-09-10,684.7
2012-09-17,682.2
2012-09-24,678.6
2012-10-01,676.2
2012-10-08,673.8
2012-10-15,670.9
2012-10-22,668.9
2012-10-29,666.2
2012-11-05,662.6
2012-11-12,659.5
2012-11-19,657.5
2012-11-26,654.9
2012-12-03,652.2
2012-12-10,649.4
2012-12-17,646.4
2012-12-24,643.5
2012-12-31,640.8
2013-01-07,641.0
2013-01-14,638.6
2013-01-21,637.1
2013-01-28,634.2
2013-02-04,631.8
2013-02-11,629.4
2013-02-18,628.0
2013-02-25,625.5
2013-03-04,624.0
2013-03-11,625.1
2013-03-18,628.2
2013-03-25,626.4
2013-04-01,624.0
2013-04-08,621.2
2013-04-15,619.5
2013-04-22,617.6
2013-04-29,615.6
2013-05-06,613.1
2013-05-13,610.3
2013-05-20,608.1
2013-05-27,605.5
2013-06-03,602.5
2013-06-10,598.8
2013-06-17,595.1
2013-06-24,591.4
2013-07-01,587.8
2013-07-08,585.0
2013-07-15,583.9
2013-07-22,583.3
2013-07-29,582.0
2013-08-05,581.1
2013-08-12,581.4
2013-08-19,580.9
2013-08-26,579.3
2013-09-02,578.1
2013-09-09,576.8
2013-09-16,574.7
2013-09-23,573.4
2013-09-30,573.5
2013-10-07,575.1
2013-10-14,573.0
2013-10-21,571.6
2013-10-28,570.4
2013-11-04,569.0
2013-11-11,568.2
2013-11-18,568.4
2013-11-25,569.4
2013-12-02,569.7
2013-12-09,570.8
2013-12-16,571.6
2013-12-23,570.9
2013-12-30,568.6
2014-01-06,564.9
2014-01-13,562.6
2014-01-20,561.0
2014-01-27,560.2
2014-02-03,559.1
2014-02-10,559.4
2014-02-17,557.9
2014-02-24,556.7
2014-03-03,554.9
2014-03-10,555.5
2014-03-17,554.4
2014-03-24,554.3
2014-03-31,551.5
2014-04-07,550.6
2014-04-14,550.4
2014-04-21,549.6
2014-04-28,547.4
2014-05-05,546.2
2014-05-12,545.3
2014-05-19,546.8
2014-05-26,547.0
2014-06-02,546.4
2014-06-09,543.8
2014-06-16,543.0
2014-06-23,542.5
2014-06-30,541.5
2014-07-07,540.6
2014-07-14,541.7
2014-07-21,540.5
2014-07-28,540.6
2014-08-04,540.1
2014-08-11,538.9
2014-08-18,539.0
2014-08-25,539.5
2014-09-01,539.1
2014-09-08,531.2
2014-09-15,537.7
2014-09-22,536.3
2014-09-29,535.0
2014-10-06,533.2
2014-10-13,533.5
2014-10-20,532.4
2014-10-27,531.2
2014-11-03,530.0
2014-11-10,528.3
2014-11-17,526.9
2014-11-24,526.7
2014-12-01,525.6
2014-12-08,523.8
2014-12-15,523.7
2014-12-22,523.7
2014-12-29,522.6
2015-01-05,521.0
2015-01-12,519.5
2015-01-19,518.0
2015-01-26,517.2
2015-02-02,516.0
2015-02-09,514.7
2015-02-16,515.2
2015-02-23,513.2
2015-03-02,512.3
2015-03-09,507.5
2015-03-16,504.1
2015-03-23,501.8
2015-03-30,500.6
2015-04-06,499.6
2015-04-13,494.9
2015-04-20,493.3
2015-04-27,491.2
2015-05-04,489.5
2015-05-11,486.8
2015-05-18,483.7
2015-05-25,480.8
2015-06-01,479.1
2015-06-08,477.3
2015-06-15,475.1
2015-06-22,473.2
2015-06-29,470.0
2015-07-06,468.8
2015-07-13,464.8
2015-07-20,462.3
2015-07-27,460.6
2015-08-03,459.4
2015-08-10,456.7
2015-08-17,454.7
2015-08-24,452.4
2015-08-31,450.8
2015-09-07,446.5
2015-09-14,441.6
2015-09-21,439.7
2015-09-28,437.7
2015-10-05,437.2
2015-10-12,435.8
2015-10-19,435.4
2015-10-26,434.6
2015-11-02,433.6
2015-11-09,432.8
2015-11-16,430.9
2015-11-23,429.6
2015-11-30,429.3
2015-12-07,427.8
2015-12-14,426.8
2015-12-21,425.9
2015-12-28,424.7
2016-01-04,424.0
2016-01-11,422.5
2016-01-18,421.5
2016-01-25,420.7
2016-02-01,419.2
2016-02-08,417.9
2016-02-15,416.6
2016-02-22,415.5
2016-02-29,414.8
2016-03-07,413.5
2016-03-14,413.0
2016-03-21,408.6
2016-03-28,407.7
2016-04-04,406.4
2016-04-11,405.6
2016-04-18,404.2
2016-04-25,403.9
2016-05-02,402.3
2016-05-09,401.4
2016-05-16,400.1
2016-05-23,398.8
2016-05-30,397.5
2016-06-06,396.1
2016-06-13,395.1
2016-06-20,394.5
2016-06-27,393.4
2016-07-04,394.1
2016-07-11,392.8
2016-07-18,391.6
2016-07-25,390.4
2016-08-01,389.4
2016-08-08,388.7
2016-08-15,387.1
2016-08-22,386.1
2016-08-29,384.8
2016-09-05,384.9
2016-09-12,383.6
2016-09-19,382.3
2016-09-26,381.1
2016-10-03,380.1
2016-10-10,378.9
2016-10-17,378.3
2016-10-24,377.2
2016-10-31,376.5
2016-11-07,375.8
2016-11-14,374.6
2016-11-21,374.0
2016-11-28,372.5
2016-12-05,371.2
2016-12-12,370.0
2016-12-19,368.5
2016-12-26,367.6
2017-01-02,367.4
2017-01-09,366.6
2017-01-16,365.7
2017-01-23,365.9
2017-01-30,365.8
2017-02-06,366.4
2017-02-13,365.5
2017-02-20,367.3
2017-02-27,367.5
2017-03-06,367.9
2017-03-13,367.3
2017-03-20,368.1
2017-03-27,368.0
2017-04-03,370.4
2017-04-10,371.7
2017-04-17,372.9
2017-04-24,373.7
2017-05-01,374.9
2017-05-08,375.1
2017-05-15,377.1
2017-05-22,378.1
2017-05-29,379.4
2017-06-05,381.1
2017-06-12,382.5
2017-06-19,383.6
2017-06-26,384.6
2017-07-03,387.6
2017-07-10,389.0
2017-07-17,390.6
2017-07-24,393.5
2017-07-31,394.3
2017-08-07,395.4
2017-08-14,399.2
2017-08-21,401.8
2017-08-28,404.3
2017-09-04,407.5
2017-09-11,410.8
2017-09-18,413.2
2017-09-25,416.3
2017-10-02,418.6
2017-10-09,420.0
2017-10-16,420.9
2017-10-23,422.3
2017-10-30,423.7
2017-11-06,425.3
2017-11-13,427.2
2017-11-20,427.9
2017-11-27,429.3
2017-12-04,430.0
2017-12-11,431.9
2017-12-18,433.7
2017-12-25,435.4
2018-01-01,435.5
2018-01-08,437.1
2018-01-15,439.3
2018-01-22,438.4
2018-01-29,440.0
2018-02-05,440.1
2018-02-12,441.6
2018-02-19,443.4
2018-02-26,444.0
2018-03-05,446.1
2018-03-12,449.1
2018-03-19,451.5
2018-03-26,452.5
2018-04-02,456.5
2018-04-09,458.8
2018-04-16,461.8
2018-04-23,464.1
2018-04-30,467.2
2018-05-07,469.0
2018-05-14,471.9
2018-05-21,474.8
2018-05-28,478.2
2018-06-04,480.0
2018-06-11,483.5
2018-06-18,486.0
2018-06-25,489.1
2018-07-02,492.8
2018-07-09,494.5
2018-07-16,496.5
2018-07-23,498.5
2018-07-30,500.8
2018-08-06,504.5
2018-08-13,505.7
2018-08-20,510.3
2018-08-27,510.0
2018-09-03,515.1
2018-09-10,518.6
2018-09-17,522.8
2018-09-24,525.7
2018-10-01,527.1
2018-10-08,526.5
2018-10-15,529.6
2018-10-22,531.4
2018-10-29,534.6
2018-11-05,537.1
2018-11-12,541.4
2018-11-19,543.9
2018-11-26,544.5
2018-12-03,548.8
2018-12-10,551.4
2018-12-17,554.2
2018-12-24,557.1
2018-12-31,559.4
2019-01-07,565.1
2019-01-14,570.0
2019-01-21,576.7
2019-01-28,582.1
2019-02-04,586.5
2019-02-11,590.3
2019-02-18,594.8
2019-02-25,598.0
2019-03-04,603.0
2019-03-11,606.1
2019-03-18,610.7
2019-03-25,615.5
2019-04-01,620.2
2019-04-08,620.7
2019-04-15,624.7
2019-04-22,622.8
2019-04-29,622.8
2019-05-06,622.3
2019-05-13,623.1
2019-05-20,623.9
2019-05-27,625.7
2019-06-03,626.6
2019-06-10,629.8
2019-06-17,632.4
2019-06-24,632.9
2019-07-01,634.1
2019-07-08,634.1
2019-07-15,632.0
2019-07-22,629.5
2019-07-29,629.9
2019-08-05,629.9
2019-08-12,631.8
2019-08-19,629.5
2019-08-26,630.4
2019-09-02,629.4
2019-09-09,629.0
2019-09-16,629.0
2019-09-23,625.2
2019-09-30,625.0
2019-10-07,622.6
2019-10-14,623.0
2019-10-21,621.8
2019-10-28,619.7
2019-11-04,618.2
2019-11-11,617.5
2019-11-18,614.5
2019-11-25,611.8
2019-12-02,610.7
2019-12-09,607.4
2019-12-16,607.3
2019-12-23,605.0
2019-12-30,603.5
2020-01-06,601.9
2020-01-13,593.9
2020-01-20,586.0
2020-01-27,577.5
2020-02-03,568.8
2020-02-10,560.8
2020-02-17,553.3
2020-02-24,544.0
2020-03-02,537.8
2020-03-09,531.1
2020-03-16,520.9
2020-03-23,508.4
2020-03-30,500.9
2020-04-06,496.5
2020-04-13,496.9
2020-04-20,496.2
2020-04-27,497.5
2020-05-04,489.7
2020-05-11,486.8
2020-05-18,478.4
2020-05-25,472.6
2020-06-01,464.5
2020-06-08,457.3
2020-06-15,451.5
2020-06-22,444.9
2020-06-29,438.0
2020-07-06,429.5
2020-07-13,421.8
2020-07-20,413.8
2020-07-27,406.0
2020-08-03,395.2
2020-08-10,387.7
2020-08-17,381.0
2020-08-24,374.1
2020-08-31,365.6
2020-09-07,359.5
2020-09-14,353.8
2020-09-21,347.3
2020-09-28,340.3
2020-10-05,331.0
2020-10-12,324.5
2020-10-19,317.5
2020-10-26,308.7
2020-11-02,298.6
2020-11-09,290.6
2020-11-16,282.8
2020-11-23,274.4
2020-11-30,266.8
2020-12-07,258.9
2020-12-14,255.8
2020-12-21,250.5
2020-12-28,246.9
2021-01-04,240.5
2021-01-11,237.8
2021-01-18,230.9
2021-01-25,225.7
2021-02-01,221.1
