DATE,WTREGEN
1986-01-08,4.140
1986-01-15,5.032
1986-01-22,13.856
1986-01-29,17.487
1986-02-05,12.475
1986-02-12,6.854
1986-02-19,6.167
1986-02-26,6.922
1986-03-05,4.477
1986-03-12,3.496
1986-03-19,3.044
1986-03-26,3.610
1986-04-02,2.926
1986-04-09,3.365
1986-04-16,3.393
1986-04-23,2.221
1986-04-30,6.769
1986-05-07,7.246
1986-05-14,4.591
1986-05-21,3.972
1986-05-28,3.580
1986-06-04,2.687
1986-06-11,2.475
1986-06-18,3.075
1986-06-25,3.428
1986-07-02,2.790
1986-07-09,3.036
1986-07-16,3.992
1986-07-23,3.633
1986-07-30,3.862
1986-08-06,3.524
1986-08-13,3.695
1986-08-20,3.454
1986-08-27,3.284
1986-09-03,2.095
1986-09-10,3.424
1986-09-17,4.098
1986-09-24,7.625
1986-10-01,8.630
1986-10-08,3.424
1986-10-15,2.701
1986-10-22,3.552
1986-10-29,3.332
1986-11-05,2.919
1986-11-12,3.730
1986-11-19,3.696
1986-11-26,2.474
1986-12-03,2.606
1986-12-10,2.794
1986-12-17,3.524
1986-12-24,3.391
1986-12-31,5.340
1987-01-07,5.959
1987-01-14,4.306
1987-01-21,9.302
1987-01-28,16.853
1987-02-04,12.895
1987-02-11,3.832
1987-02-18,4.271
1987-02-25,4.208
1987-03-04,3.328
1987-03-11,3.391
1987-03-18,3.255
1987-03-25,2.865
1987-04-01,3.025
1987-04-08,3.923
1987-04-15,3.815
1987-04-22,4.758
1987-04-29,13.312
1987-05-06,22.844
1987-05-13,21.006
1987-05-20,14.940
1987-05-27,12.684
1987-06-03,5.067
1987-06-10,3.712
1987-06-17,3.879
1987-06-24,14.570
1987-07-01,15.561
1987-07-08,4.985
1987-07-15,5.685
1987-07-22,5.316
1987-07-29,3.872
1987-08-05,5.261
1987-08-12,3.106
1987-08-19,3.174
1987-08-26,3.116
1987-09-02,3.496
1987-09-09,3.698
1987-09-16,4.207
1987-09-23,21.647
1987-09-30,14.355
1987-10-07,5.341
1987-10-14,3.281
1987-10-21,12.191
1987-10-28,13.822
1987-11-04,7.367
1987-11-11,3.958
1987-11-18,3.836
1987-11-25,3.325
1987-12-02,3.403
1987-12-09,3.792
1987-12-16,4.817
1987-12-23,4.219
1987-12-30,3.719
1988-01-06,4.773
1988-01-13,4.773
1988-01-20,4.773
1988-01-27,4.773
1988-02-03,4.773
1988-02-10,4.773
1988-02-17,4.773
1988-02-24,4.773
1988-03-02,4.773
1988-03-09,4.773
1988-03-16,4.773
1988-03-23,4.773
1988-03-30,4.773
1988-04-06,4.773
1988-04-13,4.773
1988-04-20,4.773
1988-04-27,4.773
1988-05-04,4.773
1988-05-11,4.773
1988-05-18,4.773
1988-05-25,4.773
1988-06-01,4.773
1988-06-08,4.773
1988-06-15,4.773
1988-06-22,4.773
1988-06-29,4.773
1988-07-06,4.773
1988-07-13,4.773
1988-07-20,4.773
1988-07-27,4.773
1988-08-03,4.773
1988-08-10,4.773
1988-08-17,4.773
1988-08-24,4.773
1988-08-31,4.773
1988-09-07,4.773
1988-09-14,4.773
1988-09-21,4.773
1988-09-28,4.773
1988-10-05,4.773
1988-10-12,4.773
1988-10-19,4.773
1988-10-26,4.773
1988-11-02,4.773
1988-11-09,4.773
1988-11-16,4.773
1988-11-23,4.773
1988-11-30,4.773
1988-12-07,4.773
1988-12-14,4.773
1988-12-21,4.773
1988-12-28,4.773
1989-01-04,4.773
1989-01-11,4.773
1989-01-18,4.773
1989-01-25,4.773
1989-02-01,4.773
1989-02-08,4.773
1989-02-15,4.773
1989-02-22,4.773
1989-03-01,4.773
1989-03-08,4.773
1989-03-15,4.773
1989-03-22,4.220
1989-03-29,5.950
1989-04-05,4.824
1989-04-12,6.463
1989-04-19,6.963
1989-04-26,8.120
1989-05-03,21.985
1989-05-10,23.141
1989-05-17,16.166
1989-05-24,8.706
1989-05-31,5.154
1989-06-07,5.665
1989-06-14,5.397
1989-06-21,9.274
1989-06-28,18.343
1989-07-05,11.214
1989-07-12,6.308
1989-07-19,5.155
1989-07-26,5.025
1989-08-02,5.149
1989-08-09,5.542
1989-08-16,5.747
1989-08-23,4.662
1989-08-30,5.680
1989-09-06,4.819
1989-09-13,4.549
1989-09-20,6.486
1989-09-27,12.316
1989-10-04,10.691
1989-10-11,5.103
1989-10-18,6.154
1989-10-25,5.389
1989-11-01,6.436
1989-11-08,5.361
1989-11-15,4.757
1989-11-22,4.449
1989-11-29,5.093
1989-12-06,5.162
1989-12-13,4.475
1989-12-20,4.402
1989-12-27,4.571
1990-01-03,6.283
1990-01-10,5.416
1990-01-17,4.108
1990-01-24,5.930
1990-01-31,9.550
1990-02-07,6.106
1990-02-14,6.446
1990-02-21,4.783
1990-02-28,6.133
1990-03-07,6.193
1990-03-14,4.928
1990-03-21,5.001
1990-03-28,5.506
1990-04-04,4.455
1990-04-11,4.745
1990-04-18,4.981
1990-04-25,4.022
1990-05-02,4.543
1990-05-09,4.841
1990-05-16,5.037
1990-05-23,5.274
1990-05-30,4.562
1990-06-06,5.185
1990-06-13,4.574
1990-06-20,5.003
1990-06-27,5.364
1990-07-04,5.580
1990-07-11,5.973
1990-07-18,5.108
1990-07-25,5.082
1990-08-01,5.328
1990-08-08,5.763
1990-08-15,5.288
1990-08-22,5.501
1990-08-29,5.219
1990-09-05,5.368
1990-09-12,4.690
1990-09-19,7.570
1990-09-26,6.666
1990-10-03,7.701
1990-10-10,4.461
1990-10-17,5.505
1990-10-24,4.931
1990-10-31,6.274
1990-11-07,6.519
1990-11-14,5.471
1990-11-21,5.375
1990-11-28,4.894
1990-12-05,5.651
1990-12-12,4.148
1990-12-19,5.406
1990-12-26,6.810
1991-01-02,7.987
1991-01-09,6.906
1991-01-16,5.320
1991-01-23,5.494
1991-01-30,14.064
1991-02-06,11.182
1991-02-13,11.187
1991-02-20,9.728
1991-02-27,13.345
1991-03-06,9.192
1991-03-13,5.869
1991-03-20,4.801
1991-03-27,6.131
1991-04-03,8.352
1991-04-10,4.796
1991-04-17,3.780
1991-04-24,5.509
1991-05-01,5.746
1991-05-08,5.222
1991-05-15,4.931
1991-05-22,5.583
1991-05-29,4.644
1991-06-05,5.942
1991-06-12,5.158
1991-06-19,5.977
1991-06-26,5.745
1991-07-03,9.507
1991-07-10,7.081
1991-07-17,6.646
1991-07-24,6.033
1991-07-31,6.470
1991-08-07,5.808
1991-08-14,6.028
1991-08-21,5.138
1991-08-28,5.196
1991-09-04,6.260
1991-09-11,5.809
1991-09-18,8.321
1991-09-25,9.908
1991-10-02,8.398
1991-10-09,5.260
1991-10-16,4.486
1991-10-23,6.493
1991-10-30,5.130
1991-11-06,7.908
1991-11-13,5.832
1991-11-20,5.596
1991-11-27,5.281
1991-12-04,5.921
1991-12-11,5.191
1991-12-18,5.838
1991-12-25,9.723
1992-01-01,13.005
1992-01-08,6.147
1992-01-15,5.455
1992-01-22,6.072
1992-01-29,8.853
1992-02-05,8.599
1992-02-12,6.584
1992-02-19,5.874
1992-02-26,5.139
1992-03-04,5.563
1992-03-11,5.245
1992-03-18,5.906
1992-03-25,5.724
1992-04-01,5.184
1992-04-08,5.438
1992-04-15,4.435
1992-04-22,5.178
1992-04-29,4.781
1992-05-06,4.774
1992-05-13,5.012
1992-05-20,5.070
1992-05-27,5.438
1992-06-03,5.540
1992-06-10,4.916
1992-06-17,6.657
1992-06-24,8.136
1992-07-01,8.434
1992-07-08,6.133
1992-07-15,5.245
1992-07-22,5.231
1992-07-29,5.562
1992-08-05,6.707
1992-08-12,5.445
1992-08-19,5.291
1992-08-26,5.620
1992-09-02,5.744
1992-09-09,5.923
1992-09-16,6.284
1992-09-23,13.697
1992-09-30,21.297
1992-10-07,5.499
1992-10-14,4.555
1992-10-21,4.675
1992-10-28,5.191
1992-11-04,5.622
1992-11-11,5.250
1992-11-18,5.184
1992-11-25,5.787
1992-12-02,5.602
1992-12-09,5.076
1992-12-16,5.002
1992-12-23,7.764
1992-12-30,6.320
1993-01-06,8.360
1993-01-13,5.492
1993-01-20,6.988
1993-01-27,8.761
1993-02-03,11.447
1993-02-10,5.391
1993-02-17,4.791
1993-02-24,4.967
1993-03-03,6.017
1993-03-10,5.395
1993-03-17,5.563
1993-03-24,5.026
1993-03-31,5.243
1993-04-07,5.723
1993-04-14,5.348
1993-04-21,8.135
1993-04-28,4.770
1993-05-05,6.116
1993-05-12,5.646
1993-05-19,5.937
1993-05-26,6.110
1993-06-02,5.984
1993-06-09,4.468
1993-06-16,5.364
1993-06-23,9.667
1993-06-30,16.256
1993-07-07,6.833
1993-07-14,6.822
1993-07-21,6.065
1993-07-28,5.435
1993-08-04,5.934
1993-08-11,5.661
1993-08-18,5.675
1993-08-25,5.970
1993-09-01,5.544
1993-09-08,5.949
1993-09-15,5.117
1993-09-22,16.981
1993-09-29,10.104
1993-10-06,7.518
1993-10-13,5.179
1993-10-20,5.755
1993-10-27,5.130
1993-11-03,5.989
1993-11-10,5.059
1993-11-17,5.605
1993-11-24,5.971
1993-12-01,5.416
1993-12-08,4.482
1993-12-15,5.165
1993-12-22,8.264
1993-12-29,7.116
1994-01-05,9.813
1994-01-12,4.035
1994-01-19,5.647
1994-01-26,8.778
1994-02-02,13.224
1994-02-09,5.960
1994-02-16,4.691
1994-02-23,5.985
1994-03-02,4.435
1994-03-09,5.222
1994-03-16,5.463
1994-03-23,4.971
1994-03-30,4.847
1994-04-06,6.073
1994-04-13,3.965
1994-04-20,6.568
1994-04-27,5.473
1994-05-04,8.992
1994-05-11,6.067
1994-05-18,5.997
1994-05-25,5.287
1994-06-01,4.683
1994-06-08,4.993
1994-06-15,4.826
1994-06-22,7.064
1994-06-29,7.561
1994-07-06,5.917
1994-07-13,6.031
1994-07-20,4.581
1994-07-27,5.373
1994-08-03,5.046
1994-08-10,5.422
1994-08-17,4.780
1994-08-24,5.208
1994-08-31,5.029
1994-09-07,4.514
1994-09-14,5.576
1994-09-21,7.367
1994-09-28,6.195
1994-10-05,6.150
1994-10-12,5.594
1994-10-19,5.112
1994-10-26,5.078
1994-11-02,6.119
1994-11-09,5.503
1994-11-16,5.225
1994-11-23,4.821
1994-11-30,5.351
1994-12-07,4.337
1994-12-14,6.044
1994-12-21,6.697
1994-12-28,6.973
1995-01-04,7.148
1995-01-11,7.421
1995-01-18,6.525
1995-01-25,5.919
1995-02-01,8.630
1995-02-08,6.864
1995-02-15,4.789
1995-02-22,5.707
1995-03-01,5.177
1995-03-08,5.158
1995-03-15,5.175
1995-03-22,6.000
1995-03-29,4.600
1995-04-05,5.138
1995-04-12,4.978
1995-04-19,6.178
1995-04-26,7.065
1995-05-03,9.402
1995-05-10,4.876
1995-05-17,5.582
1995-05-24,4.823
1995-05-31,5.320
1995-06-07,4.424
1995-06-14,5.286
1995-06-21,11.241
1995-06-28,6.977
1995-07-05,13.727
1995-07-12,5.767
1995-07-19,5.568
1995-07-26,5.616
1995-08-02,6.377
1995-08-09,5.134
1995-08-16,5.221
1995-08-23,5.541
1995-08-30,4.923
1995-09-06,5.083
1995-09-13,4.903
1995-09-20,10.002
1995-09-27,6.651
1995-10-04,6.829
1995-10-11,5.630
1995-10-18,4.941
1995-10-25,5.275
1995-11-01,5.228
1995-11-08,4.948
1995-11-15,6.024
1995-11-22,5.125
1995-11-29,5.614
1995-12-06,5.942
1995-12-13,5.559
1995-12-20,8.633
1995-12-27,7.169
1996-01-03,6.306
1996-01-10,5.313
1996-01-17,5.548
1996-01-24,7.218
1996-01-31,6.963
1996-02-07,5.493
1996-02-14,5.204
1996-02-21,5.137
1996-02-28,3.883
1996-03-06,4.312
1996-03-13,5.507
1996-03-20,7.235
1996-03-27,5.048
1996-04-03,6.017
1996-04-10,5.986
1996-04-17,7.655
1996-04-24,8.251
1996-05-01,8.709
1996-05-08,6.537
1996-05-15,5.673
1996-05-22,5.127
1996-05-29,5.175
1996-06-05,4.276
1996-06-12,5.697
1996-06-19,6.022
1996-06-26,7.184
1996-07-03,6.417
1996-07-10,5.277
1996-07-17,5.464
1996-07-24,5.260
1996-07-31,5.384
1996-08-07,5.069
1996-08-14,4.781
1996-08-21,5.129
1996-08-28,5.272
1996-09-04,5.347
1996-09-11,4.669
1996-09-18,5.754
1996-09-25,7.620
1996-10-02,6.815
1996-10-09,4.529
1996-10-16,4.885
1996-10-23,5.414
1996-10-30,5.228
1996-11-06,5.013
1996-11-13,4.905
1996-11-20,5.039
1996-11-27,4.996
1996-12-04,4.509
1996-12-11,4.926
1996-12-18,7.169
1996-12-25,5.694
1997-01-01,6.326
1997-01-08,4.479
1997-01-15,5.512
1997-01-22,6.524
1997-01-29,7.896
1997-02-05,6.207
1997-02-12,4.829
1997-02-19,5.002
1997-02-26,4.425
1997-03-05,5.149
1997-03-12,5.169
1997-03-19,7.479
1997-03-26,5.376
1997-04-02,5.535
1997-04-09,4.826
1997-04-16,7.837
1997-04-23,8.660
1997-04-30,32.937
1997-05-07,23.899
1997-05-14,14.661
1997-05-21,5.176
1997-05-28,5.053
1997-06-04,4.993
1997-06-11,5.254
1997-06-18,6.831
1997-06-25,11.868
1997-07-02,12.577
1997-07-09,3.902
1997-07-16,4.919
1997-07-23,5.212
1997-07-30,4.877
1997-08-06,5.196
1997-08-13,4.965
1997-08-20,4.444
1997-08-27,4.866
1997-09-03,5.131
1997-09-10,4.712
1997-09-17,6.807
1997-09-24,6.949
1997-10-01,6.687
1997-10-08,5.402
1997-10-15,5.110
1997-10-22,5.527
1997-10-29,5.868
1997-11-05,5.225
1997-11-12,5.338
1997-11-19,5.059
1997-11-26,5.002
1997-12-03,4.762
1997-12-10,4.529
1997-12-17,6.330
1997-12-24,5.001
1997-12-31,4.758
1998-01-07,5.031
1998-01-14,5.253
1998-01-21,9.148
1998-01-28,6.976
1998-02-04,5.696
1998-02-11,5.062
1998-02-18,4.969
1998-02-25,4.400
1998-03-04,5.447
1998-03-11,4.867
1998-03-18,6.294
1998-03-25,5.181
1998-04-01,5.033
1998-04-08,5.044
1998-04-15,6.218
1998-04-22,7.894
1998-04-29,17.944
1998-05-06,8.442
1998-05-13,6.055
1998-05-20,5.428
1998-05-27,5.179
1998-06-03,5.341
1998-06-10,5.031
1998-06-17,6.982
1998-06-24,12.769
1998-07-01,18.717
1998-07-08,5.956
1998-07-15,5.171
1998-07-22,5.155
1998-07-29,5.115
1998-08-05,5.234
1998-08-12,4.839
1998-08-19,5.450
1998-08-26,4.905
1998-09-02,5.400
1998-09-09,5.396
1998-09-16,5.869
1998-09-23,7.144
1998-09-30,6.989
1998-10-07,5.779
1998-10-14,5.480
1998-10-21,5.322
1998-10-28,5.326
1998-11-04,5.030
1998-11-11,5.256
1998-11-18,4.801
1998-11-25,5.026
1998-12-02,5.304
1998-12-09,5.035
1998-12-16,6.324
1998-12-23,5.434
1998-12-30,7.195
1999-01-06,5.992
1999-01-13,5.423
1999-01-20,7.296
1999-01-27,6.963
1999-02-03,6.876
1999-02-10,4.865
1999-02-17,4.223
1999-02-24,4.998
1999-03-03,4.974
1999-03-10,5.087
1999-03-17,6.313
1999-03-24,5.309
1999-03-31,5.160
1999-04-07,5.644
1999-04-14,4.853
1999-04-21,6.790
1999-04-28,7.182
1999-05-05,7.888
1999-05-12,5.307
1999-05-19,5.157
1999-05-26,4.888
1999-06-02,4.897
1999-06-09,4.855
1999-06-16,5.449
1999-06-23,7.023
1999-06-30,6.823
1999-07-07,5.766
1999-07-14,5.264
1999-07-21,5.056
1999-07-28,4.901
1999-08-04,5.105
1999-08-11,5.100
1999-08-18,5.080
1999-08-25,4.851
1999-09-01,5.403
1999-09-08,5.113
1999-09-15,5.480
1999-09-22,7.512
1999-09-29,7.403
1999-10-06,5.457
1999-10-13,5.235
1999-10-20,5.421
1999-10-27,5.206
1999-11-03,4.968
1999-11-10,4.814
1999-11-17,4.726
1999-11-24,5.340
1999-12-01,5.107
1999-12-08,4.800
1999-12-15,5.273
1999-12-22,6.206
1999-12-29,12.138
2000-01-05,20.943
2000-01-12,5.326
2000-01-19,5.390
2000-01-26,7.205
2000-02-02,6.131
2000-02-09,5.259
2000-02-16,5.306
2000-02-23,5.334
2000-03-01,5.090
2000-03-08,5.358
2000-03-15,5.457
2000-03-22,5.675
2000-03-29,5.067
2000-04-05,5.057
2000-04-12,5.462
2000-04-19,6.778
2000-04-26,12.417
2000-05-03,14.439
2000-05-10,9.068
2000-05-17,5.424
2000-05-24,5.114
2000-05-31,4.880
2000-06-07,4.656
2000-06-14,5.232
2000-06-21,7.943
2000-06-28,6.983
2000-07-05,6.159
2000-07-12,4.981
2000-07-19,5.333
2000-07-26,4.633
2000-08-02,5.106
2000-08-09,4.791
2000-08-16,5.226
2000-08-23,4.824
2000-08-30,5.245
2000-09-06,5.594
2000-09-13,4.627
2000-09-20,8.574
2000-09-27,7.357
2000-10-04,6.822
2000-10-11,5.324
2000-10-18,5.170
2000-10-25,5.278
2000-11-01,5.171
2000-11-08,5.073
2000-11-15,5.279
2000-11-22,5.175
2000-11-29,4.940
2000-12-06,5.275
2000-12-13,5.382
2000-12-20,8.105
2000-12-27,4.340
2001-01-03,5.312
2001-01-10,4.795
2001-01-17,6.529
2001-01-24,7.078
2001-01-31,8.903
2001-02-07,4.849
2001-02-14,5.023
2001-02-21,4.836
2001-02-28,4.868
2001-03-07,4.959
2001-03-14,4.893
2001-03-21,6.709
2001-03-28,4.621
2001-04-04,5.671
2001-04-11,5.010
2001-04-18,5.491
2001-04-25,6.894
2001-05-02,6.733
2001-05-09,5.053
2001-05-16,5.169
2001-05-23,4.993
2001-05-30,5.148
2001-06-06,4.796
2001-06-13,4.878
2001-06-20,5.194
2001-06-27,6.748
2001-07-04,6.444
2001-07-11,4.796
2001-07-18,4.937
2001-07-25,4.923
2001-08-01,5.231
2001-08-08,4.673
2001-08-15,5.073
2001-08-22,5.313
2001-08-29,5.001
2001-09-05,5.252
2001-09-12,5.350
2001-09-19,6.291
2001-09-26,8.462
2001-10-03,7.728
2001-10-10,5.076
2001-10-17,4.722
2001-10-24,5.321
2001-10-31,5.121
2001-11-07,4.987
2001-11-14,4.690
2001-11-21,5.603
2001-11-28,5.074
2001-12-05,5.500
2001-12-12,5.008
2001-12-19,5.864
2001-12-26,4.645
2002-01-02,5.982
2002-01-09,5.053
2002-01-16,5.712
2002-01-23,7.099
2002-01-30,9.170
2002-02-06,6.196
2002-02-13,4.976
2002-02-20,4.892
2002-02-27,4.696
2002-03-06,5.473
2002-03-13,4.801
2002-03-20,6.511
2002-03-27,5.198
2002-04-03,5.395
2002-04-10,5.008
2002-04-17,5.957
2002-04-24,6.994
2002-05-01,6.946
2002-05-08,5.145
2002-05-15,5.134
2002-05-22,4.914
2002-05-29,5.012
2002-06-05,5.338
2002-06-12,5.289
2002-06-19,5.894
2002-06-26,6.963
2002-07-03,6.148
2002-07-10,4.985
2002-07-17,5.495
2002-07-24,5.311
2002-07-31,5.779
2002-08-07,5.025
2002-08-14,4.896
2002-08-21,4.387
2002-08-28,6.013
2002-09-04,4.795
2002-09-11,5.009
2002-09-18,5.773
2002-09-25,6.832
2002-10-02,6.182
2002-10-09,5.106
2002-10-16,4.327
2002-10-23,5.064
2002-10-30,4.799
2002-11-06,5.338
2002-11-13,5.013
2002-11-20,4.868
2002-11-27,5.016
2002-12-04,4.664
2002-12-11,4.107
2002-12-18,5.959
2002-12-25,4.678
2003-01-01,5.016
2003-01-08,4.829
2003-01-15,5.244
2003-01-22,6.133
2003-01-29,7.162
2003-02-05,5.392
2003-02-12,4.681
2003-02-19,5.048
2003-02-26,5.249
2003-03-05,4.909
2003-03-12,5.196
2003-03-19,4.979
2003-03-26,5.916
2003-04-02,5.654
2003-04-09,6.528
2003-04-16,6.470
2003-04-23,8.927
2003-04-30,8.763
2003-05-07,7.113
2003-05-14,7.139
2003-05-21,6.899
2003-05-28,5.543
2003-06-04,6.487
2003-06-11,6.515
2003-06-18,7.147
2003-06-25,7.199
2003-07-02,6.087
2003-07-09,6.218
2003-07-16,6.479
2003-07-23,6.067
2003-07-30,6.205
2003-08-06,5.639
2003-08-13,5.611
2003-08-20,5.644
2003-08-27,5.974
2003-09-03,4.843
2003-09-10,4.745
2003-09-17,6.084
2003-09-24,7.540
2003-10-01,6.922
2003-10-08,5.185
2003-10-15,3.745
2003-10-22,5.403
2003-10-29,5.125
2003-11-05,5.680
2003-11-12,4.876
2003-11-19,4.651
2003-11-26,5.223
2003-12-03,5.437
2003-12-10,4.974
2003-12-17,5.622
2003-12-24,4.701
2003-12-31,5.850
2004-01-07,5.319
2004-01-14,4.886
2004-01-21,7.374
2004-01-28,5.153
2004-02-04,4.901
2004-02-11,5.352
2004-02-18,4.984
2004-02-25,5.147
2004-03-03,5.618
2004-03-10,5.527
2004-03-17,5.737
2004-03-24,5.371
2004-03-31,5.246
2004-04-07,5.010
2004-04-14,5.158
2004-04-21,6.630
2004-04-28,7.444
2004-05-05,6.025
2004-05-12,5.435
2004-05-19,5.333
2004-05-26,5.212
2004-06-02,4.092
2004-06-09,4.698
2004-06-16,6.195
2004-06-23,7.034
2004-06-30,5.961
2004-07-07,4.541
2004-07-14,4.834
2004-07-21,5.509
2004-07-28,4.956
2004-08-04,4.701
2004-08-11,5.064
2004-08-18,4.456
2004-08-25,4.789
2004-09-01,5.297
2004-09-08,4.910
2004-09-15,5.261
2004-09-22,6.979
2004-09-29,5.118
2004-10-06,5.334
2004-10-13,4.682
2004-10-20,5.232
2004-10-27,4.948
2004-11-03,5.275
2004-11-10,5.012
2004-11-17,4.824
2004-11-24,4.419
2004-12-01,5.217
2004-12-08,4.986
2004-12-15,5.047
2004-12-22,5.133
2004-12-29,4.631
2005-01-05,5.650
2005-01-12,5.145
2005-01-19,4.781
2005-01-26,5.252
2005-02-02,5.070
2005-02-09,4.913
2005-02-16,4.924
2005-02-23,5.250
2005-03-02,5.199
2005-03-09,4.304
2005-03-16,5.118
2005-03-23,4.968
2005-03-30,4.592
2005-04-06,5.296
2005-04-13,5.175
2005-04-20,5.201
2005-04-27,5.586
2005-05-04,4.863
2005-05-11,4.993
2005-05-18,5.209
2005-05-25,4.936
2005-06-01,4.927
2005-06-08,4.778
2005-06-15,5.534
2005-06-22,4.982
2005-06-29,4.726
2005-07-06,3.840
2005-07-13,4.843
2005-07-20,5.423
2005-07-27,4.878
2005-08-03,5.012
2005-08-10,4.989
2005-08-17,4.805
2005-08-24,5.181
2005-08-31,4.909
2005-09-07,4.786
2005-09-14,4.973
2005-09-21,6.319
2005-09-28,5.366
2005-10-05,4.857
2005-10-12,4.787
2005-10-19,4.555
2005-10-26,5.149
2005-11-02,4.981
2005-11-09,5.002
2005-11-16,4.522
2005-11-23,5.107
2005-11-30,5.090
2005-12-07,4.932
2005-12-14,5.396
2005-12-21,5.402
2005-12-28,4.853
2006-01-04,4.734
2006-01-11,4.795
2006-01-18,4.810
2006-01-25,5.314
2006-02-01,5.117
2006-02-08,5.360
2006-02-15,5.224
2006-02-22,5.005
2006-03-01,5.080
2006-03-08,5.028
2006-03-15,4.479
2006-03-22,5.142
2006-03-29,5.400
2006-04-05,5.228
2006-04-12,5.126
2006-04-19,4.999
2006-04-26,4.953
2006-05-03,5.366
2006-05-10,5.151
2006-05-17,5.192
2006-05-24,5.476
2006-05-31,4.870
2006-06-07,5.233
2006-06-14,4.970
2006-06-21,5.007
2006-06-28,4.924
2006-07-05,5.334
2006-07-12,5.186
2006-07-19,4.915
2006-07-26,5.017
2006-08-02,4.720
2006-08-09,4.643
2006-08-16,4.747
2006-08-23,4.997
2006-08-30,5.095
2006-09-06,4.531
2006-09-13,4.749
2006-09-20,6.113
2006-09-27,4.280
2006-10-04,6.650
2006-10-11,5.174
2006-10-18,4.855
2006-10-25,5.178
2006-11-01,4.982
2006-11-08,5.034
2006-11-15,4.960
2006-11-22,4.663
2006-11-29,5.030
2006-12-06,5.060
2006-12-13,4.740
2006-12-20,6.066
2006-12-27,5.240
2007-01-03,5.027
2007-01-10,4.797
2007-01-17,4.686
2007-01-24,5.112
2007-01-31,5.055
2007-02-07,5.097
2007-02-14,5.014
2007-02-21,4.940
2007-02-28,4.674
2007-03-07,4.725
2007-03-14,5.038
2007-03-21,5.408
2007-03-28,4.990
2007-04-04,4.769
2007-04-11,4.672
2007-04-18,5.454
2007-04-25,6.534
2007-05-02,14.887
2007-05-09,4.914
2007-05-16,4.451
2007-05-23,4.913
2007-05-30,5.183
2007-06-06,4.938
2007-06-13,4.958
2007-06-20,5.475
2007-06-27,4.923
2007-07-04,4.607
2007-07-11,4.912
2007-07-18,4.174
2007-07-25,5.052
2007-08-01,4.874
2007-08-08,4.998
2007-08-15,4.735
2007-08-22,4.842
2007-08-29,5.089
2007-09-05,4.685
2007-09-12,4.755
2007-09-19,5.416
2007-09-26,4.761
2007-10-03,5.430
2007-10-10,4.379
2007-10-17,5.080
2007-10-24,5.046
2007-10-31,4.950
2007-11-07,5.119
2007-11-14,5.143
2007-11-21,4.959
2007-11-28,5.176
2007-12-05,4.905
2007-12-12,4.831
2007-12-19,7.500
2007-12-26,4.910
2008-01-02,8.693
2008-01-09,5.146
2008-01-16,5.171
2008-01-23,5.335
2008-01-30,4.650
2008-02-06,5.548
2008-02-13,5.316
2008-02-20,3.861
2008-02-27,4.740
2008-03-05,4.867
2008-03-12,5.076
2008-03-19,5.152
2008-03-26,5.729
2008-04-02,5.158
2008-04-09,5.127
2008-04-16,4.745
2008-04-23,5.437
2008-04-30,5.721
2008-05-07,5.191
2008-05-14,4.657
2008-05-21,4.399
2008-05-28,4.940
2008-06-04,4.844
2008-06-11,4.849
2008-06-18,4.926
2008-06-25,5.070
2008-07-02,5.042
2008-07-09,5.180
2008-07-16,4.711
2008-07-23,5.419
2008-07-30,5.094
2008-08-06,4.880
2008-08-13,4.859
2008-08-20,4.765
2008-08-27,4.828
2008-09-03,4.746
2008-09-10,4.723
2008-09-17,4.941
2008-09-24,5.088
2008-10-01,8.629
2008-10-08,7.910
2008-10-15,7.338
2008-10-22,23.166
2008-10-29,100.736
2008-11-05,31.800
2008-11-12,61.776
2008-11-19,60.465
2008-11-26,64.531
2008-12-03,61.049
2008-12-10,49.529
2008-12-17,79.632
2008-12-24,125.933
2008-12-31,114.229
2009-01-07,66.137
2009-01-14,36.826
2009-01-21,35.510
2009-01-28,55.539
2009-02-04,41.917
2009-02-11,36.506
2009-02-18,31.082
2009-02-25,35.583
2009-03-04,52.413
2009-03-11,48.896
2009-03-18,72.723
2009-03-25,78.083
2009-04-01,47.129
2009-04-08,35.981
2009-04-15,41.866
2009-04-22,65.720
2009-04-29,84.774
2009-05-06,87.083
2009-05-13,76.059
2009-05-20,49.838
2009-05-27,26.692
2009-06-03,32.573
2009-06-10,31.392
2009-06-17,42.257
2009-06-24,118.671
2009-07-01,71.990
2009-07-08,34.200
2009-07-15,26.431
2009-07-22,73.188
2009-07-29,61.406
2009-08-05,70.812
2009-08-12,48.217
2009-08-19,29.767
2009-08-26,26.273
2009-09-02,35.581
2009-09-09,16.798
2009-09-16,25.346
2009-09-23,53.301
2009-09-30,37.910
2009-10-07,41.579
2009-10-14,23.173
2009-10-21,83.461
2009-10-28,43.241
2009-11-04,49.511
2009-11-11,74.637
2009-11-18,61.634
2009-11-25,25.904
2009-12-02,38.243
2009-12-09,31.793
2009-12-16,76.741
2009-12-23,94.951
2009-12-30,118.523
2010-01-06,178.343
2010-01-13,136.382
2010-01-20,143.908
2010-01-27,135.038
2010-02-03,109.506
2010-02-10,79.862
2010-02-17,46.480
2010-02-24,32.891
2010-03-03,38.894
2010-03-10,36.142
2010-03-17,52.167
2010-03-24,67.603
2010-03-31,35.896
2010-04-07,19.091
2010-04-14,11.666
2010-04-21,46.088
2010-04-28,57.162
2010-05-05,76.667
2010-05-12,34.305
2010-05-19,21.159
2010-05-26,26.077
2010-06-02,33.135
2010-06-09,32.796
2010-06-16,29.199
2010-06-23,45.852
2010-06-30,40.112
2010-07-07,25.984
2010-07-14,18.262
2010-07-21,51.307
2010-07-28,41.603
2010-08-04,27.377
2010-08-11,36.113
2010-08-18,28.343
2010-08-25,18.823
2010-09-01,23.113
2010-09-08,23.062
2010-09-15,22.341
2010-09-22,77.377
2010-09-29,57.576
2010-10-06,58.125
2010-10-13,22.780
2010-10-20,49.934
2010-10-27,37.919
2010-11-03,34.276
2010-11-10,21.585
2010-11-17,21.787
2010-11-24,29.391
2010-12-01,35.378
2010-12-08,21.184
2010-12-15,30.093
2010-12-22,91.479
2010-12-29,87.472
2011-01-05,115.386
2011-01-12,89.107
2011-01-19,58.958
2011-01-26,91.704
2011-02-02,97.314
2011-02-09,81.217
2011-02-16,46.423
2011-02-23,40.558
2011-03-02,47.058
2011-03-09,35.841
2011-03-16,42.088
2011-03-23,87.280
2011-03-30,58.515
2011-04-06,54.802
2011-04-13,25.419
2011-04-20,73.268
2011-04-27,104.152
2011-05-04,115.026
2011-05-11,99.593
2011-05-18,91.448
2011-05-25,84.259
2011-06-01,65.992
2011-06-08,38.188
2011-06-15,41.336
2011-06-22,122.935
2011-06-29,107.983
2011-07-06,76.560
2011-07-13,50.339
2011-07-20,90.719
2011-07-27,77.019
2011-08-03,56.911
2011-08-10,23.425
2011-08-17,20.172
2011-08-24,20.782
2011-08-31,20.320
2011-09-07,20.192
2011-09-14,13.766
2011-09-21,64.915
2011-09-28,55.718
2011-10-05,43.655
2011-10-12,21.906
2011-10-19,43.403
2011-10-26,64.369
2011-11-02,57.775
2011-11-09,37.029
2011-11-16,29.786
2011-11-23,44.347
2011-11-30,43.770
2011-12-07,28.282
2011-12-14,21.484
2011-12-21,112.404
2011-12-28,98.652
2012-01-04,87.058
2012-01-11,78.263
2012-01-18,78.069
2012-01-25,111.236
2012-02-01,117.554
2012-02-08,87.962
2012-02-15,58.049
2012-02-22,55.795
2012-02-29,39.475
2012-03-07,36.963
2012-03-14,41.816
2012-03-21,102.488
2012-03-28,84.043
2012-04-04,54.899
2012-04-11,45.289
2012-04-18,53.427
2012-04-25,78.498
2012-05-02,120.748
2012-05-09,113.232
2012-05-16,99.876
2012-05-23,90.083
2012-05-30,67.804
2012-06-06,60.763
2012-06-13,41.885
2012-06-20,114.746
2012-06-27,129.149
2012-07-04,100.829
2012-07-11,86.400
2012-07-18,63.021
2012-07-25,45.537
2012-08-01,42.102
2012-08-08,35.622
2012-08-15,28.398
2012-08-22,24.038
2012-08-29,25.194
2012-09-05,30.048
2012-09-12,47.019
2012-09-19,64.716
2012-09-26,73.239
2012-10-03,83.297
2012-10-10,65.845
2012-10-17,58.473
2012-10-24,62.738
2012-10-31,53.905
2012-11-07,28.002
2012-11-14,38.664
2012-11-21,24.433
2012-11-28,27.904
2012-12-05,33.997
2012-12-12,38.980
2012-12-19,54.986
2012-12-26,55.563
2013-01-02,71.564
2013-01-09,59.644
2013-01-16,54.020
2013-01-23,72.207
2013-01-30,71.127
2013-02-06,64.279
2013-02-13,34.908
2013-02-20,24.877
2013-02-27,43.012
2013-03-06,36.793
2013-03-13,43.000
2013-03-20,71.366
2013-03-27,68.019
2013-04-03,76.144
2013-04-10,58.767
2013-04-17,82.572
2013-04-24,128.700
2013-05-01,157.054
2013-05-08,144.071
2013-05-15,89.999
2013-05-22,33.233
2013-05-29,13.502
2013-06-05,30.230
2013-06-12,43.056
2013-06-19,79.129
2013-06-26,97.212
2013-07-03,118.745
2013-07-10,88.690
2013-07-17,70.158
2013-07-24,58.403
2013-07-31,60.063
2013-08-07,60.845
2013-08-14,64.121
2013-08-21,51.174
2013-08-28,37.298
2013-09-04,32.432
2013-09-11,38.551
2013-09-18,48.099
2013-09-25,44.991
2013-10-02,37.961
2013-10-09,28.728
2013-10-16,35.301
2013-10-23,44.193
2013-10-30,31.806
2013-11-06,34.358
2013-11-13,45.639
2013-11-20,49.446
2013-11-27,53.744
2013-12-04,37.947
2013-12-11,28.992
2013-12-18,70.572
2013-12-25,99.122
2014-01-01,105.104
2014-01-08,119.258
2014-01-15,80.022
2014-01-22,77.798
2014-01-29,89.337
2014-02-05,80.081
2014-02-12,36.410
2014-02-19,41.184
2014-02-26,46.704
2014-03-05,45.394
2014-03-12,56.141
2014-03-19,88.345
2014-03-26,102.040
2014-04-02,96.163
2014-04-09,62.436
2014-04-16,65.457
2014-04-23,111.394
2014-04-30,84.126
2014-05-07,91.397
2014-05-14,71.250
2014-05-21,37.745
2014-05-28,33.573
2014-06-04,33.895
2014-06-11,46.921
2014-06-18,84.475
2014-06-25,107.244
2014-07-02,100.085
2014-07-09,63.826
2014-07-16,59.384
2014-07-23,64.138
2014-07-30,62.335
2014-08-06,71.513
2014-08-13,78.066
2014-08-20,42.803
2014-08-27,40.217
2014-09-03,42.868
2014-09-10,39.081
2014-09-17,66.417
2014-09-24,114.828
2014-10-01,119.237
2014-10-08,96.461
2014-10-15,79.790
2014-10-22,123.514
2014-10-29,118.424
2014-11-05,111.382
2014-11-12,107.205
2014-11-19,95.281
2014-11-26,79.769
2014-12-03,87.426
2014-12-10,60.092
2014-12-17,114.776
2014-12-24,175.093
2014-12-31,192.063
2015-01-07,176.817
2015-01-14,158.268
2015-01-21,170.152
2015-01-28,201.192
2015-02-04,167.272
2015-02-11,158.907
2015-02-18,118.836
2015-02-25,68.114
2015-03-04,49.803
2015-03-11,39.431
2015-03-18,60.686
2015-03-25,85.907
2015-04-01,75.467
2015-04-08,55.206
2015-04-15,50.447
2015-04-22,150.028
2015-04-29,219.702
2015-05-06,227.506
2015-05-13,216.211
2015-05-20,181.641
2015-05-27,175.577
2015-06-03,185.794
2015-06-10,178.468
2015-06-17,207.648
2015-06-24,239.498
2015-07-01,227.457
2015-07-08,182.596
2015-07-15,176.411
2015-07-22,194.772
2015-07-29,196.825
2015-08-05,203.501
2015-08-12,196.323
2015-08-19,177.883
2015-08-26,128.581
2015-09-02,120.354
2015-09-09,85.792
2015-09-16,117.411
2015-09-23,153.512
2015-09-30,145.165
2015-10-07,83.381
2015-10-14,66.439
2015-10-21,60.403
2015-10-28,47.100
2015-11-04,29.795
2015-11-11,107.125
2015-11-18,133.021
2015-11-25,163.491
2015-12-02,212.756
2015-12-09,186.624
2015-12-16,196.343
2015-12-23,267.608
2015-12-30,290.467
2016-01-06,333.220
2016-01-13,302.983
2016-01-20,285.318
2016-01-27,341.996
2016-02-03,350.858
2016-02-10,317.303
2016-02-17,266.760
2016-02-24,237.950
2016-03-02,237.207
2016-03-09,211.443
2016-03-16,235.634
2016-03-23,296.956
2016-03-30,284.660
2016-04-06,264.323
2016-04-13,239.635
2016-04-20,268.785
2016-04-27,346.166
2016-05-04,336.357
2016-05-11,315.369
2016-05-18,295.339
2016-05-25,268.619
2016-06-01,267.948
2016-06-08,236.351
2016-06-15,231.257
2016-06-22,316.838
2016-06-29,337.093
2016-07-06,303.297
2016-07-13,316.064
2016-07-20,329.150
2016-07-27,325.499
2016-08-03,298.813
2016-08-10,259.832
2016-08-17,260.810
2016-08-24,254.376
2016-08-31,274.195
2016-09-07,236.154
2016-09-14,243.082
2016-09-21,340.448
2016-09-28,351.700
2016-10-05,347.760
2016-10-12,356.185
2016-10-19,391.988
2016-10-26,429.027
2016-11-02,417.665
2016-11-09,376.217
2016-11-16,400.625
2016-11-23,399.665
2016-11-30,409.360
2016-12-07,343.355
2016-12-14,324.525
2016-12-21,388.497
2016-12-28,380.679
2017-01-04,387.989
2017-01-11,372.492
2017-01-18,366.090
2017-01-25,390.842
2017-02-01,374.841
2017-02-08,305.735
2017-02-15,309.919
2017-02-22,258.292
2017-03-01,175.496
2017-03-08,88.220
2017-03-15,38.579
2017-03-22,70.827
2017-03-29,65.187
2017-04-05,89.210
2017-04-12,122.218
2017-04-19,164.543
2017-04-26,234.219
2017-05-03,244.655
2017-05-10,199.013
2017-05-17,186.080
2017-05-24,167.165
2017-05-31,170.984
2017-06-07,152.444
2017-06-14,153.646
2017-06-21,212.275
2017-06-28,208.365
2017-07-05,177.006
2017-07-12,171.033
2017-07-19,180.400
2017-07-26,191.404
2017-08-02,180.348
2017-08-09,149.862
2017-08-16,130.954
2017-08-23,82.077
2017-08-30,61.057
2017-09-06,37.563
2017-09-13,70.232
2017-09-20,127.782
2017-09-27,164.652
2017-10-04,160.433
2017-10-11,169.766
2017-10-18,178.974
2017-10-25,196.332
2017-11-01,193.546
2017-11-08,177.780
2017-11-15,174.631
2017-11-22,163.579
2017-11-29,172.282
2017-12-06,127.586
2017-12-13,76.208
2017-12-20,155.612
2017-12-27,190.283
2018-01-03,211.566
2018-01-10,206.215
2018-01-17,227.665
2018-01-24,269.118
2018-01-31,270.244
2018-02-07,203.936
2018-02-14,197.681
2018-02-21,214.677
2018-02-28,202.620
2018-03-07,195.071
2018-03-14,249.929
2018-03-21,316.454
2018-03-28,318.858
2018-04-04,303.916
2018-04-11,294.083
2018-04-18,275.246
2018-04-25,359.599
2018-05-02,399.984
2018-05-09,353.741
2018-05-16,337.258
2018-05-23,326.445
2018-05-30,325.351
2018-06-06,294.069
2018-06-13,281.188
2018-06-20,352.777
2018-06-27,373.94
2018-07-04,336.026
2018-07-11,326.476
2018-07-18,324.457
2018-07-25,348.886
2018-08-01,351.523
2018-08-08,326.471
2018-08-15,342.799
2018-08-22,348.393
2018-08-29,342.543
2018-09-05,323.764
2018-09-12,303.654
2018-09-19,335.878
2018-09-26,370.031
2018-10-03,368.007
2018-10-10,324.721
2018-10-17,332.923
2018-10-24,369.576
2018-10-31,373.368
2018-11-07,319.984
2018-11-14,341.094
2018-11-21,330.202
2018-11-28,340.596
2018-12-05,337.564
2018-12-12,334.967
2018-12-19,350.714
2018-12-26,374.085
2019-01-02,379.902
2019-01-09,356.698
2019-01-16,351.18
2019-01-23,389.626
2019-01-30,403.276
2019-02-06,352.375
2019-02-13,359.109
2019-02-20,333.896
2019-02-27,310.574
2019-03-06,220.045
2019-03-13,245.972
2019-03-20,303.623
2019-03-27,310.868
2019-04-03,310.188
2019-04-10,262.617
2019-04-17,285.264
2019-04-24,378.602
2019-05-01,400.498
2019-05-08,348.357
2019-05-15,323.786
2019-05-22,282.864
2019-05-29,247.777
2019-06-05,223.638
2019-06-12,187.56
2019-06-19,198.398
2019-06-26,248.302
2019-07-03,245.306
2019-07-10,211.115
2019-07-17,197.005
2019-07-24,193.362
2019-07-31,163.763
2019-08-07,131.704
2019-08-14,129.957
2019-08-21,125.725
2019-08-28,145.957
2019-09-04,148.74
2019-09-11,185.342
2019-09-18,250.226
2019-09-25,314.189
2019-10-02,335.171
2019-10-09,318.191
2019-10-16,324.604
2019-10-23,377.985
2019-10-30,389.872
2019-11-06,377.029
2019-11-13,381.955
2019-11-20,368.813
2019-11-27,360.941
2019-12-04,346.971
2019-12-11,326.865
2019-12-18,332.592
2019-12-25,367.82
2020-01-01,382.553
2020-01-08,367.002
2020-01-15,350.987
2020-01-22,403.941
2020-01-29,432.061
2020-02-05,413.322
2020-02-12,411.237
2020-02-19,428.805
2020-02-26,439.365
2020-03-04,374.515
2020-03-11,380.556
2020-03-18,362.576
2020-03-25,390.252
2020-04-01,429.267
2020-04-08,698.578
2020-04-15,889.815
2020-04-22,901.331
2020-04-29,997.507
2020-05-06,1127.49
2020-05-13,1177.494
2020-05-20,1194.41
2020-05-27,1310.491
2020-06-03,1434.823
2020-06-10,1506.558
2020-06-17,1560.85
2020-06-24,1623.942
2020-07-01,1657.62
2020-07-08,1653.098
2020-07-15,1655.32
2020-07-22,1804.944
2020-07-29,1816.687
2020-08-05,1745.228
2020-08-12,1669.733
2020-08-19,1643.505
2020-08-26,1622.69
2020-09-02,1639.159
2020-09-09,1611.083
2020-09-16,1614.855
2020-09-23,1680.688
2020-09-30,1679.152
2020-10-07,1697.074
2020-10-14,1680.998
2020-10-21,1724.792
2020-10-28,1680.933
2020-11-04,1621.346
2020-11-11,1600.837
2020-11-18,1556.892
2020-11-25,1517.215
2020-12-02,1531.053
2020-12-09,1534.243
2020-12-16,1529.698
2020-12-23,1602.407
2020-12-30,1591.055
2021-01-06,1669.327
2021-01-13,1589.421
2021-01-20,1626.906
2021-01-27,1633.54
2021-02-03,1625.325
2021-02-10,1608.906
2021-02-17,1567.041
2021-02-24,1529.977
2021-03-03,1429.549
2021-03-10,1360.064
2021-03-17,1272.583
2021-03-24,1061.138
2021-03-31,1025.727
2021-04-07,1010.103
2021-04-14,925.094
2021-04-21,1015.902
2021-04-28,967.689
2021-05-05,953.689
2021-05-12,898.779
2021-05-19,866.119
2021-05-26,812.473
2021-06-02,783.235
2021-06-09,730.235
2021-06-16,653.889
2021-06-23,734.689
2021-06-30,745.962
2021-07-07,753.364
2021-07-14,704.918
2021-07-21,678.103
2021-07-28,578.204
2021-08-04,492.668
2021-08-11,434.919
2021-08-18,338.808
2021-08-25,301.43
2021-09-01,277.65
2021-09-08,253.496
2021-09-15,230.328
2021-09-22,308.022
2021-09-29,197.744
2021-10-06,135.582
2021-10-13,77.858
2021-10-20,83.386
2021-10-27,213.291
2021-11-03,280.205
2021-11-10,259.293
2021-11-17,211.453
