DATE,WSMTMNS
1975-01-06,122.800
1975-01-13,123.400
1975-01-20,123.700
1975-01-27,124.0
1975-02-03,124.200
1975-02-10,125.400
1975-02-17,126.300
1975-02-24,127.500
1975-03-03,127.800
1975-03-10,128.500
1975-03-17,128.900
1975-03-24,129.000
1975-03-31,129.900
1975-04-07,130.100
1975-04-14,130.500
1975-04-21,130.800
1975-04-28,131.300
1975-05-05,131.600
1975-05-12,132.000
1975-05-19,131.900
1975-05-26,132.300
1975-06-02,132.600
1975-06-09,133.100
1975-06-16,133.600
1975-06-23,134.100
1975-06-30,135.100
1975-07-07,135.400
1975-07-14,135.600
1975-07-21,135.800
1975-07-28,136.100
1975-08-04,136.400
1975-08-11,136.700
1975-08-18,136.500
1975-08-25,136.800
1975-09-01,137.600
1975-09-08,137.700
1975-09-15,137.300
1975-09-22,137.200
1975-09-29,137.600
1975-10-06,137.800
1975-10-13,138.800
1975-10-20,138.800
1975-10-27,138.900
1975-11-03,139.100
1975-11-10,139.800
1975-11-17,139.800
1975-11-24,139.900
1975-12-01,140.000
1975-12-08,140.800
1975-12-15,141.200
1975-12-22,141.700
1975-12-29,142.100
1976-01-05,142.100
1976-01-12,142.900
1976-01-19,142.900
1976-01-26,143.300
1976-02-02,143.500
1976-02-09,143.800
1976-02-16,144.000
1976-02-23,144.100
1976-03-01,143.600
1976-03-08,143.200
1976-03-15,142.800
1976-03-22,142.200
1976-03-29,141.700
1976-04-05,141.300
1976-04-12,141.600
1976-04-19,141.400
1976-04-26,142.300
1976-05-03,142.900
1976-05-10,143.400
1976-05-17,143.900
1976-05-24,144.100
1976-05-31,144.400
1976-06-07,144.400
1976-06-14,144.4
1976-06-21,144.200
1976-06-28,144.300
1976-07-05,144.300
1976-07-12,144.800
1976-07-19,145.100
1976-07-26,145.600
1976-08-02,145.900
1976-08-09,146.400
1976-08-16,147.000
1976-08-23,147.600
1976-08-30,148.500
1976-09-06,149.500
1976-09-13,150.000
1976-09-20,150.500
1976-09-27,150.900
1976-10-04,151.000
1976-10-11,151.800
1976-10-18,152.500
1976-10-25,153.400
1976-11-01,153.900
1976-11-08,154.100
1976-11-15,153.500
1976-11-22,153.600
1976-11-29,153.800
1976-12-06,154.200
1976-12-13,154.800
1976-12-20,154.900
1976-12-27,154.700
1977-01-03,155.500
1977-01-10,156.200
1977-01-17,156.900
1977-01-24,157.900
1977-01-31,158.100
1977-02-07,158.500
1977-02-14,159.000
1977-02-21,159.500
1977-02-28,160.100
1977-03-07,160.500
1977-03-14,161.200
1977-03-21,161.400
1977-03-28,161.500
1977-04-04,161.900
1977-04-11,162.100
1977-04-18,162.300
1977-04-25,162.800
1977-05-02,163.200
1977-05-09,163.800
1977-05-16,164.200
1977-05-23,164.400
1977-05-30,165.000
1977-06-06,165.300
1977-06-13,165.600
1977-06-20,165.800
1977-06-27,165.700
1977-07-04,165.800
1977-07-11,166.000
1977-07-18,165.600
1977-07-25,165.600
1977-08-01,165.300
1977-08-08,165.300
1977-08-15,165.300
1977-08-22,165.200
1977-08-29,165.300
1977-09-05,165.500
1977-09-12,165.600
1977-09-19,165.400
1977-09-26,165.800
1977-10-03,166.000
1977-10-10,166.200
1977-10-17,166.000
1977-10-24,166.000
1977-10-31,165.800
1977-11-07,165.900
1977-11-14,165.900
1977-11-21,166.200
1977-11-28,166.100
1977-12-05,166.300
1977-12-12,166.600
1977-12-19,166.300
1977-12-26,167.100
1978-01-02,168.400
1978-01-09,168.600
1978-01-16,168.700
1978-01-23,169.100
1978-01-30,169.300
1978-02-06,169.800
1978-02-13,170.100
1978-02-20,170.900
1978-02-27,171.100
1978-03-06,171.200
1978-03-13,171.300
1978-03-20,171.100
1978-03-27,170.700
1978-04-03,171.100
1978-04-10,170.800
1978-04-17,171.000
1978-04-24,171.400
1978-05-01,171.300
1978-05-08,171.500
1978-05-15,172.000
1978-05-22,172.000
1978-05-29,172.500
1978-06-05,172.600
1978-06-12,173.000
1978-06-19,173.100
1978-06-26,173.700
1978-07-03,174.500
1978-07-10,173.600
1978-07-17,173.600
1978-07-24,173.800
1978-07-31,174.400
1978-08-07,174.300
1978-08-14,175.000
1978-08-21,174.600
1978-08-28,175.000
1978-09-04,176.400
1978-09-11,176.500
1978-09-18,177.200
1978-09-25,178.200
1978-10-02,179.400
1978-10-09,180.500
1978-10-16,179.800
1978-10-23,179.100
1978-10-30,179.700
1978-11-06,180.700
1978-11-13,181.600
1978-11-20,180.900
1978-11-27,182.800
1978-12-04,183.700
1978-12-11,183.000
1978-12-18,183.400
1978-12-25,185.100
1979-01-01,188.300
1979-01-08,188.700
1979-01-15,189.400
1979-01-22,190.100
1979-01-29,190.700
1979-02-05,191.700
1979-02-12,192.400
1979-02-19,192.900
1979-02-26,193.100
1979-03-05,193.600
1979-03-12,194.400
1979-03-19,195.000
1979-03-26,195.400
1979-04-02,196.400
1979-04-09,197.2
1979-04-16,198.200
1979-04-23,199.400
1979-04-30,200.300
1979-05-07,201.300
1979-05-14,202.100
1979-05-21,203.000
1979-05-28,203.900
1979-06-04,205.200
1979-06-11,206.000
1979-06-18,206.900
1979-06-25,207.000
1979-07-02,207.000
1979-07-09,207.600
1979-07-16,208.300
1979-07-23,209.300
1979-07-30,210.200
1979-08-06,211.200
1979-08-13,211.600
1979-08-20,213.000
1979-08-27,213.900
1979-09-03,214.500
1979-09-10,215.600
1979-09-17,216.500
1979-09-24,217.800
1979-10-01,219.500
1979-10-08,220.500
1979-10-15,221.600
1979-10-22,223.400
1979-10-29,225.400
1979-11-05,228.800
1979-11-12,230.100
1979-11-19,231.100
1979-11-26,231.700
1979-12-03,233.400
1979-12-10,234.200
1979-12-17,235.000
1979-12-24,235.900
1979-12-31,236.300
1980-01-07,237.500
1980-01-14,239.700
1980-01-21,241.600
1980-01-28,242.600
1980-02-04,244.400
1980-02-11,245.600
1980-02-18,246.900
1980-02-25,248.600
1980-03-03,250.300
1980-03-10,253.300
1980-03-17,255.300
1980-03-24,257.700
1980-03-31,259.300
1980-04-07,263.000
1980-04-14,265.500
1980-04-21,267.400
1980-04-28,268.700
1980-05-05,269.200
1980-05-12,269.900
1980-05-19,270.000
1980-05-26,270.000
1980-06-02,269.700
1980-06-09,269.600
1980-06-16,269.100
1980-06-23,269.000
1980-06-30,268.300
1980-07-07,267.700
1980-07-14,266.900
1980-07-21,266.600
1980-07-28,266.300
1980-08-04,266.000
1980-08-11,265.900
1980-08-18,265.800
1980-08-25,266.300
1980-09-01,266.400
1980-09-08,266.900
1980-09-15,267.500
1980-09-22,269.800
1980-09-29,268.500
1980-10-06,268.400
1980-10-13,271.000
1980-10-20,271.500
1980-10-27,272.100
1980-11-03,703.2
1980-11-10,705.0
1980-11-17,711.0
1980-11-24,714.5
1980-12-01,716.8
1980-12-08,720.1
1980-12-15,723.1
1980-12-22,727.4
1980-12-29,738.1
1981-01-05,744.6
1981-01-12,749.0
1981-01-19,751.7
1981-01-26,752.9
1981-02-02,756.7
1981-02-09,759.1
1981-02-16,760.0
1981-02-23,761.6
1981-03-02,766.0
1981-03-09,765.9
1981-03-16,767.5
1981-03-23,767.8
1981-03-30,767.0
1981-04-06,766.6
1981-04-13,765.1
1981-04-20,766.0
1981-04-27,765.8
1981-05-04,766.2
1981-05-11,768.8
1981-05-18,771.5
1981-05-25,774.5
1981-06-01,777.5
1981-06-08,780.9
1981-06-15,781.5
1981-06-22,781.7
1981-06-29,779.9
1981-07-06,781.6
1981-07-13,781.7
1981-07-20,783.8
1981-07-27,786.4
1981-08-03,788.9
1981-08-10,791.9
1981-08-17,795.6
1981-08-24,798.0
1981-08-31,800.3
1981-09-07,802.9
1981-09-14,803.6
1981-09-21,804.9
1981-09-28,806.5
1981-10-05,812.9
1981-10-12,819.0
1981-10-19,819.7
1981-10-26,820.6
1981-11-02,822.4
1981-11-09,824.2
1981-11-16,824.5
1981-11-23,823.2
1981-11-30,824.2
1981-12-07,823.7
1981-12-14,823.3
1981-12-21,822.8
1981-12-28,822.2
1982-01-04,823.5
1982-01-11,824.8
1982-01-18,826.6
1982-01-25,828.0
1982-02-01,829.7
1982-02-08,832.2
1982-02-15,834.6
1982-02-22,836.7
1982-03-01,839.5
1982-03-08,841.9
1982-03-15,843.2
1982-03-22,844.4
1982-03-29,846.5
1982-04-05,849.0
1982-04-12,848.6
1982-04-19,849.5
1982-04-26,850.4
1982-05-03,851.7
1982-05-10,853.7
1982-05-17,855.3
1982-05-24,856.8
1982-05-31,858.5
1982-06-07,859.1
1982-06-14,860.2
1982-06-21,861.6
1982-06-28,863.7
1982-07-05,868.1
1982-07-12,870.0
1982-07-19,872.2
1982-07-26,874.0
1982-08-02,875.3
1982-08-09,875.8
1982-08-16,876.5
1982-08-23,877.7
1982-08-30,878.0
1982-09-06,878.9
1982-09-13,878.3
1982-09-20,878.4
1982-09-27,879.6
1982-10-04,880.1
1982-10-11,874.6
1982-10-18,874.8
1982-10-25,875.2
1982-11-01,873.9
1982-11-08,871.5
1982-11-15,871.0
1982-11-22,871.0
1982-11-29,870.8
1982-12-06,868.5
1982-12-13,863.9
1982-12-20,849.3
1982-12-27,838.3
1983-01-03,829.0
1983-01-10,812.3
1983-01-17,797.8
1983-01-24,787.0
1983-01-31,776.1
1983-02-07,766.3
1983-02-14,758.8
1983-02-21,753.0
1983-02-28,746.6
1983-03-07,742.1
1983-03-14,737.1
1983-03-21,733.4
1983-03-28,732.0
1983-04-04,732.0
1983-04-11,728.6
1983-04-18,727.1
1983-04-25,726.2
1983-05-02,725.8
1983-05-09,724.3
1983-05-16,722.9
1983-05-23,721.5
1983-05-30,720.9
1983-06-06,720.9
1983-06-13,721.9
1983-06-20,721.4
1983-06-27,723.4
1983-07-04,728.2
1983-07-11,730.1
1983-07-18,732.1
1983-07-25,734.2
1983-08-01,736.6
1983-08-08,739.3
1983-08-15,741.6
1983-08-22,744.5
1983-08-29,747.0
1983-09-05,749.1
1983-09-12,750.5
1983-09-19,752.5
1983-09-26,754.0
1983-10-03,756.4
1983-10-10,762.0
1983-10-17,767.2
1983-10-24,771.4
1983-10-31,774.3
1983-11-07,777.1
1983-11-14,778.8
1983-11-21,779.9
1983-11-28,781.1
1983-12-05,782.3
1983-12-12,783.5
1983-12-19,784.2
1983-12-26,785.5
1984-01-02,789.4
1984-01-09,792.7
1984-01-16,795.6
1984-01-23,797.7
1984-01-30,797.1
1984-02-06,802.6
1984-02-13,803.2
1984-02-20,802.9
1984-02-27,803.1
1984-03-05,804.3
1984-03-12,805.2
1984-03-19,805.5
1984-03-26,806.5
1984-04-02,809.9
1984-04-09,808.8
1984-04-16,808.2
1984-04-23,810.3
1984-04-30,811.6
1984-05-07,813.3
1984-05-14,814.9
1984-05-21,816.9
1984-05-28,819.3
1984-06-04,821.3
1984-06-11,824.8
1984-06-18,827.5
1984-06-25,830.3
1984-07-02,835.3
1984-07-09,838.2
1984-07-16,841.4
1984-07-23,844.2
1984-07-30,847.7
1984-08-06,851.9
1984-08-13,856.4
1984-08-20,860.5
1984-08-27,863.0
1984-09-03,865.3
1984-09-10,867.3
1984-09-17,869.6
1984-09-24,872.1
1984-10-01,877.3
1984-10-08,880.3
1984-10-15,881.2
1984-10-22,882.9
1984-10-29,884.5
1984-11-05,886.3
1984-11-12,887.5
1984-11-19,888.1
1984-11-26,887.9
1984-12-03,889.5
1984-12-10,889.5
1984-12-17,889.0
1984-12-24,889.3
1984-12-31,891.0
1985-01-07,892.4
1985-01-14,891.9
1985-01-21,891.0
1985-01-28,889.5
1985-02-04,888.2
1985-02-11,887.2
1985-02-18,886.3
1985-02-25,884.5
1985-03-04,883.0
1985-03-11,882.0
1985-03-18,881.7
1985-03-25,882.1
1985-04-01,884.9
1985-04-08,882.7
1985-04-15,881.0
1985-04-22,882.7
1985-04-29,883.1
1985-05-06,883.5
1985-05-13,883.7
1985-05-20,884.3
1985-05-27,885.2
1985-06-03,885.7
1985-06-10,886.5
1985-06-17,886.6
1985-06-24,887.4
1985-07-01,890.2
1985-07-08,890.4
1985-07-15,889.3
1985-07-22,888.3
1985-07-29,887.3
1985-08-05,886.8
1985-08-12,885.9
1985-08-19,885.1
1985-08-26,884.3
1985-09-02,884.0
1985-09-09,883.4
1985-09-16,882.8
1985-09-23,882.7
1985-09-30,885.1
1985-10-07,886.6
1985-10-14,885.4
1985-10-21,884.2
1985-10-28,883.6
1985-11-04,883.5
1985-11-11,884.0
1985-11-18,884.1
1985-11-25,884.6
1985-12-02,885.3
1985-12-09,885.5
1985-12-16,885.5
1985-12-23,886.1
1985-12-30,887.8
1986-01-06,892.4
1986-01-13,893.0
1986-01-20,893.1
1986-01-27,893.1
1986-02-03,893.5
1986-02-10,893.9
1986-02-17,893.5
1986-02-24,893.1
1986-03-03,893.3
1986-03-10,893.8
1986-03-17,894.1
1986-03-24,893.9
1986-03-31,895.8
1986-04-07,895.1
1986-04-14,892.6
1986-04-21,892.9
1986-04-28,892.0
1986-05-05,890.5
1986-05-12,888.7
1986-05-19,886.5
1986-05-26,884.9
1986-06-02,884.1
1986-06-09,883.4
1986-06-16,882.8
1986-06-23,882.9
1986-06-30,884.8
1986-07-07,886.6
1986-07-14,885.9
1986-07-21,884.7
1986-07-28,883.7
1986-08-04,883.5
1986-08-11,883.0
1986-08-18,881.7
1986-08-25,880.8
1986-09-01,880.5
1986-09-08,879.9
1986-09-15,878.1
1986-09-22,876.3
1986-09-29,876.6
1986-10-06,876.9
1986-10-13,874.1
1986-10-20,871.0
1986-10-27,868.3
1986-11-03,866.6
1986-11-10,865.0
1986-11-17,863.3
1986-11-24,861.8
1986-12-01,861.1
1986-12-08,859.2
1986-12-15,858.0
1986-12-22,857.3
1986-12-29,858.2
1987-01-05,860.6
1987-01-12,860.5
1987-01-19,859.0
1987-01-26,857.5
1987-02-02,856.5
1987-02-09,855.6
1987-02-16,854.9
1987-02-23,853.3
1987-03-02,852.6
1987-03-09,851.5
1987-03-16,850.2
1987-03-23,849.1
1987-03-30,849.4
1987-04-06,849.2
1987-04-13,847.5
1987-04-20,846.3
1987-04-27,844.7
1987-05-04,844.2
1987-05-11,843.8
1987-05-18,843.8
1987-05-25,843.5
1987-06-01,844.7
1987-06-08,847.7
1987-06-15,849.9
1987-06-22,851.9
1987-06-29,855.2
1987-07-06,859.5
1987-07-13,861.4
1987-07-20,863.1
1987-07-27,864.7
1987-08-03,866.4
1987-08-10,868.6
1987-08-17,870.1
1987-08-24,871.3
1987-08-31,872.3
1987-09-07,874.9
1987-09-14,875.3
1987-09-21,877.5
1987-09-28,880.2
1987-10-05,884.9
1987-10-12,888.0
1987-10-19,889.0
1987-10-26,892.6
1987-11-02,898.9
1987-11-09,904.1
1987-11-16,908.0
1987-11-23,910.9
1987-11-30,913.1
1987-12-07,915.9
1987-12-14,918.3
1987-12-21,920.6
1987-12-28,923.0
1988-01-04,927.2
1988-01-11,931.7
1988-01-18,935.6
1988-01-25,938.6
1988-02-01,943.1
1988-02-08,948.2
1988-02-15,951.7
1988-02-22,953.5
1988-02-29,955.9
1988-03-07,959.1
1988-03-14,960.6
1988-03-21,961.7
1988-03-28,963.1
1988-04-04,965.6
1988-04-11,967.1
1988-04-18,968.2
1988-04-25,969.0
1988-05-02,969.8
1988-05-09,971.2
1988-05-16,971.9
1988-05-23,972.3
1988-05-30,973.1
1988-06-06,974.1
1988-06-13,975.1
1988-06-20,977.1
1988-06-27,979.6
1988-07-04,983.7
1988-07-11,985.4
1988-07-18,986.3
1988-07-25,987.0
1988-08-01,988.8
1988-08-08,991.3
1988-08-15,992.8
1988-08-22,994.1
1988-08-29,996.1
1988-09-05,999.0
1988-09-12,1001.8
1988-09-19,1005.3
1988-09-26,1008.0
1988-10-03,1013.4
1988-10-10,1017.5
1988-10-17,1018.8
1988-10-24,1020.5
1988-10-31,1021.9
1988-11-07,1025.3
1988-11-14,1027.3
1988-11-21,1028.3
1988-11-28,1029.5
1988-12-05,1030.8
1988-12-12,1033.1
1988-12-19,1033.9
1988-12-26,1036.7
1989-01-02,1042.0
1989-01-09,1047.3
1989-01-16,1051.2
1989-01-23,1054.2
1989-01-30,1058.0
1989-02-06,1061.8
1989-02-13,1063.5
1989-02-20,1065.6
1989-02-27,1066.3
1989-03-06,1069.1
1989-03-13,1072.2
1989-03-20,1074.6
1989-03-27,1077.3
1989-04-03,1082.3
1989-04-10,1087.1
1989-04-17,1090.3
1989-04-24,1094.1
1989-05-01,1098.1
1989-05-08,1102.8
1989-05-15,1106.7
1989-05-22,1110.3
1989-05-29,1113.5
1989-06-05,1116.2
1989-06-12,1120.3
1989-06-19,1122.8
1989-06-26,1124.7
1989-07-03,1130.0
1989-07-10,1133.0
1989-07-17,1135.1
1989-07-24,1135.5
1989-07-31,1136.2
1989-08-07,1139.3
1989-08-14,1140.2
1989-08-21,1140.6
1989-08-28,1140.8
1989-09-04,1141.3
1989-09-11,1141.2
1989-09-18,1140.9
1989-09-25,1142.0
1989-10-02,1144.6
1989-10-09,1146.3
1989-10-16,1146.2
1989-10-23,1145.5
1989-10-30,1145.0
1989-11-06,1145.3
1989-11-13,1146.3
1989-11-20,1146.9
1989-11-27,1146.7
1989-12-04,1147.7
1989-12-11,1148.2
1989-12-18,1147.3
1989-12-25,1147.4
1990-01-01,1150.1
1990-01-08,1152.1
1990-01-15,1153.4
1990-01-22,1152.9
1990-01-29,1152.7
1990-02-05,1153.5
1990-02-12,1153.7
1990-02-19,1153.7
1990-02-26,1153.5
1990-03-05,1154.2
1990-03-12,1154.5
1990-03-19,1153.7
1990-03-26,1153.7
1990-04-02,1156.8
1990-04-09,1156.8
1990-04-16,1156.0
1990-04-23,1155.6
1990-04-30,1156.0
1990-05-07,1155.9
1990-05-14,1156.3
1990-05-21,1156.7
1990-05-28,1156.8
1990-06-04,1157.4
1990-06-11,1158.3
1990-06-18,1159.3
1990-06-25,1159.6
1990-07-02,1162.8
1990-07-09,1165.5
1990-07-16,1165.6
1990-07-23,1166.5
1990-07-30,1166.9
1990-08-06,1167.7
1990-08-13,1168.0
1990-08-20,1166.2
1990-08-27,1166.0
1990-09-03,1166.5
1990-09-10,1167.4
1990-09-17,1167.2
1990-09-24,1166.9
1990-10-01,1169.6
1990-10-08,1172.3
1990-10-15,1171.1
1990-10-22,1169.9
1990-10-29,1169.2
1990-11-05,1169.5
1990-11-12,1169.8
1990-11-19,1169.8
1990-11-26,1170.1
1990-12-03,1170.4
1990-12-10,1170.6
1990-12-17,1170.2
1990-12-24,1170.7
1990-12-31,1172.4
1991-01-07,1175.8
1991-01-14,1176.5
1991-01-21,1176.3
1991-01-28,1175.3
1991-02-04,1175.8
1991-02-11,1176.6
1991-02-18,1175.4
1991-02-25,1173.6
1991-03-04,1172.5
1991-03-11,1170.6
1991-03-18,1168.6
1991-03-25,1166.3
1991-04-01,1165.7
1991-04-08,1164.3
1991-04-15,1161.2
1991-04-22,1158.8
1991-04-29,1156.2
1991-05-06,1154.6
1991-05-13,1151.7
1991-05-20,1149.0
1991-05-27,1146.0
1991-06-03,1143.5
1991-06-10,1140.8
1991-06-17,1137.7
1991-06-24,1134.7
1991-07-01,1135.6
1991-07-08,1135.0
1991-07-15,1131.6
1991-07-22,1128.8
1991-07-29,1126.3
1991-08-05,1124.6
1991-08-12,1123.1
1991-08-19,1121.0
1991-08-26,1118.9
1991-09-02,1116.7
1991-09-09,1115.2
1991-09-16,1111.9
1991-09-23,1108.5
1991-09-30,1106.3
1991-10-07,1104.8
1991-10-14,1101.0
1991-10-21,1096.3
1991-10-28,1091.6
1991-11-04,1087.6
1991-11-11,1084.7
1991-11-18,1080.7
1991-11-25,1076.3
1991-12-02,1072.6
1991-12-09,1068.2
1991-12-16,1064.1
1991-12-23,1060.3
1991-12-30,1057.8
1992-01-06,1055.7
1992-01-13,1049.6
1992-01-20,1043.4
1992-01-27,1036.8
1992-02-03,1031.5
1992-02-10,1026.0
1992-02-17,1020.7
1992-02-24,1015.9
1992-03-02,1011.6
1992-03-09,1007.2
1992-03-16,1002.3
1992-03-23,997.2
1992-03-30,993.3
1992-04-06,990.7
1992-04-13,985.7
1992-04-20,980.8
1992-04-27,975.7
1992-05-04,971.2
1992-05-11,966.9
1992-05-18,963.2
1992-05-25,959.8
1992-06-01,956.8
1992-06-08,954.2
1992-06-15,950.9
1992-06-22,948.0
1992-06-29,945.7
1992-07-06,945.0
1992-07-13,941.9
1992-07-20,938.0
1992-07-27,934.3
1992-08-03,931.2
1992-08-10,927.8
1992-08-17,924.1
1992-08-24,920.9
1992-08-31,918.0
1992-09-07,915.9
1992-09-14,912.7
1992-09-21,909.3
1992-09-28,906.2
1992-10-05,903.6
1992-10-12,899.9
1992-10-19,895.2
1992-10-26,890.9
1992-11-02,886.7
1992-11-09,882.8
1992-11-16,879.0
1992-11-23,875.9
1992-11-30,873.3
1992-12-07,870.6
1992-12-14,867.5
1992-12-21,864.5
1992-12-28,862.4
1993-01-04,861.6
1993-01-11,860.0
1993-01-18,857.7
1993-01-25,856.0
1993-02-01,854.3
1993-02-08,852.7
1993-02-15,850.9
1993-02-22,849.0
1993-03-01,847.4
1993-03-08,845.9
1993-03-15,843.8
1993-03-22,841.4
1993-03-29,839.5
1993-04-05,839.0
1993-04-12,837.1
1993-04-19,834.7
1993-04-26,832.2
1993-05-03,830.6
1993-05-10,828.8
1993-05-17,826.8
1993-05-24,825.0
1993-05-31,823.7
1993-06-07,822.0
1993-06-14,819.9
1993-06-21,817.9
1993-06-28,816.3
1993-07-05,816.4
1993-07-12,814.3
1993-07-19,812.0
1993-07-26,809.9
1993-08-02,808.2
1993-08-09,806.7
1993-08-16,804.9
1993-08-23,803.1
1993-08-30,801.5
1993-09-06,800.7
1993-09-13,799.4
1993-09-20,797.4
1993-09-27,796.1
1993-10-04,796.0
1993-10-11,794.6
1993-10-18,792.4
1993-10-25,790.5
1993-11-01,788.7
1993-11-08,787.2
1993-11-15,785.8
1993-11-22,784.2
1993-11-29,783.1
1993-12-06,782.2
1993-12-13,780.7
1993-12-20,779.1
1993-12-27,778.2
1994-01-03,777.9
1994-01-10,777.3
1994-01-17,775.8
1994-01-24,774.3
1994-01-31,772.9
1994-02-07,772.1
1994-02-14,770.4
1994-02-21,769.2
1994-02-28,767.9
1994-03-07,767.2
1994-03-14,766.4
1994-03-21,765.8
1994-03-28,765.1
1994-04-04,764.8
1994-04-11,764.3
1994-04-18,763.8
1994-04-25,763.0
1994-05-02,763.9
1994-05-09,764.4
1994-05-16,764.2
1994-05-23,764.2
1994-05-30,764.8
1994-06-06,766.0
1994-06-13,767.0
1994-06-20,767.8
1994-06-27,770.5
1994-07-04,772.1
1994-07-11,773.2
1994-07-18,774.4
1994-07-25,775.8
1994-08-01,776.8
1994-08-08,778.7
1994-08-15,779.8
1994-08-22,780.8
1994-08-29,781.2
1994-09-05,783.0
1994-09-12,784.8
1994-09-19,786.1
1994-09-26,787.7
1994-10-03,790.2
1994-10-10,793.9
1994-10-17,795.7
1994-10-24,797.7
1994-10-31,799.6
1994-11-07,802.5
1994-11-14,804.9
1994-11-21,806.3
1994-11-28,808.1
1994-12-05,810.9
1994-12-12,813.5
1994-12-19,815.4
1994-12-26,817.7
1995-01-02,821.8
1995-01-09,826.7
1995-01-16,831.8
1995-01-23,836.5
1995-01-30,840.9
1995-02-06,845.1
1995-02-13,850.1
1995-02-20,855.9
1995-02-27,861.5
1995-03-06,868.1
1995-03-13,873.9
1995-03-20,877.8
1995-03-27,881.2
1995-04-03,885.0
1995-04-10,889.4
1995-04-17,893.2
1995-04-24,896.6
1995-05-01,899.3
1995-05-08,902.7
1995-05-15,905.9
1995-05-22,908.0
1995-05-29,909.7
1995-06-05,911.6
1995-06-12,913.4
1995-06-19,914.3
1995-06-26,915.1
1995-07-03,916.9
1995-07-10,919.0
1995-07-17,920.9
1995-07-24,921.2
1995-07-31,921.5
1995-08-07,922.5
1995-08-14,922.7
1995-08-21,923.0
1995-08-28,923.1
1995-09-04,923.8
1995-09-11,924.3
1995-09-18,924.4
1995-09-25,924.7
1995-10-02,925.7
1995-10-09,926.7
1995-10-16,926.8
1995-10-23,927.1
1995-10-30,927.2
1995-11-06,927.9
1995-11-13,929.0
1995-11-20,929.2
1995-11-27,929.8
1995-12-04,930.5
1995-12-11,930.7
1995-12-18,930.7
1995-12-25,930.6
1996-01-01,931.9
1996-01-08,933.4
1996-01-15,933.7
1996-01-22,933.7
1996-01-29,934.0
1996-02-05,935.4
1996-02-12,935.7
1996-02-19,935.6
1996-02-26,935.2
1996-03-04,934.8
1996-03-11,934.6
1996-03-18,933.8
1996-03-25,933.4
1996-04-01,933.8
1996-04-08,934.5
1996-04-15,933.6
1996-04-22,932.8
1996-04-29,932.5
1996-05-06,932.7
1996-05-13,932.0
1996-05-20,931.7
1996-05-27,931.6
1996-06-03,931.3
1996-06-10,931.4
1996-06-17,931.3
1996-06-24,931.4
1996-07-01,932.4
1996-07-08,933.7
1996-07-15,933.7
1996-07-22,933.8
1996-07-29,934.3
1996-08-05,935.1
1996-08-12,936.3
1996-08-19,937.2
1996-08-26,937.8
1996-09-02,938.4
1996-09-09,938.8
1996-09-16,939.5
1996-09-23,939.7
1996-09-30,941.0
1996-10-07,943.4
1996-10-14,944.1
1996-10-21,944.1
1996-10-28,944.2
1996-11-04,944.9
1996-11-11,945.4
1996-11-18,945.8
1996-11-25,946.4
1996-12-02,947.2
1996-12-09,947.4
1996-12-16,947.1
1996-12-23,946.6
1996-12-30,946.7
1997-01-06,949.1
1997-01-13,950.0
1997-01-20,950.7
1997-01-27,951.0
1997-02-03,951.4
1997-02-10,952.3
1997-02-17,952.6
1997-02-24,953.0
1997-03-03,953.1
1997-03-10,953.0
1997-03-17,953.0
1997-03-24,952.8
1997-03-31,952.9
1997-04-07,953.8
1997-04-14,953.9
1997-04-21,954.5
1997-04-28,955.0
1997-05-05,956.2
1997-05-12,956.8
1997-05-19,957.2
1997-05-26,957.8
1997-06-02,959.1
1997-06-09,960.3
1997-06-16,960.8
1997-06-23,961.1
1997-06-30,962.0
1997-07-07,964.4
1997-07-14,964.4
1997-07-21,964.5
1997-07-28,964.2
1997-08-04,964.9
1997-08-11,965.2
1997-08-18,965.2
1997-08-25,965.1
1997-09-01,965.2
1997-09-08,965.4
1997-09-15,965.5
1997-09-22,965.6
1997-09-29,965.9
1997-10-06,968.2
1997-10-13,968.6
1997-10-20,968.0
1997-10-27,967.7
1997-11-03,967.5
1997-11-10,967.8
1997-11-17,967.8
1997-11-24,967.6
1997-12-01,967.6
1997-12-08,967.3
1997-12-15,967.4
1997-12-22,967.7
1997-12-29,967.1
1998-01-05,969.6
1998-01-12,970.8
1998-01-19,971.6
1998-01-26,971.6
1998-02-02,971.4
1998-02-09,972.1
1998-02-16,971.8
1998-02-23,971.4
1998-03-02,970.6
1998-03-09,970.7
1998-03-16,969.7
1998-03-23,969.3
1998-03-30,968.4
1998-04-06,969.3
1998-04-13,968.9
1998-04-20,967.4
1998-04-27,965.8
1998-05-04,965.1
1998-05-11,964.8
1998-05-18,964.3
1998-05-25,963.4
1998-06-01,962.9
1998-06-08,963.4
1998-06-15,963.5
1998-06-22,962.9
1998-06-29,962.8
1998-07-06,963.6
1998-07-13,963.1
1998-07-20,961.8
1998-07-27,960.7
1998-08-03,960.0
1998-08-10,959.6
1998-08-17,959.0
1998-08-24,958.7
1998-08-31,958.4
1998-09-07,958.2
1998-09-14,958.4
1998-09-21,958.1
1998-09-28,957.8
1998-10-05,959.5
1998-10-12,960.1
1998-10-19,959.3
1998-10-26,958.8
1998-11-02,957.6
1998-11-09,957.5
1998-11-16,956.8
1998-11-23,956.1
1998-11-30,955.3
1998-12-07,953.9
1998-12-14,952.5
1998-12-21,950.9
1998-12-28,950.3
1999-01-04,950.8
1999-01-11,950.3
1999-01-18,948.6
1999-01-25,947.5
1999-02-01,946.6
1999-02-08,945.8
1999-02-15,944.5
1999-02-22,943.4
1999-03-01,942.3
1999-03-08,941.0
1999-03-15,940.1
1999-03-22,938.8
1999-03-29,938.1
1999-04-05,938.2
1999-04-12,937.0
1999-04-19,935.7
1999-04-26,934.4
1999-05-03,932.8
1999-05-10,931.9
1999-05-17,931.1
1999-05-24,930.2
1999-05-31,930.0
1999-06-07,927.6
1999-06-14,926.9
1999-06-21,926.2
1999-06-28,926.0
1999-07-05,927.5
1999-07-12,927.7
1999-07-19,928.4
1999-07-26,929.4
1999-08-02,929.6
1999-08-09,929.5
1999-08-16,930.1
1999-08-23,931.0
1999-08-30,932.2
1999-09-06,934.1
1999-09-13,935.2
1999-09-20,936.8
1999-09-27,937.6
1999-10-04,940.0
1999-10-11,941.7
1999-10-18,943.3
1999-10-25,944.7
1999-11-01,946.1
1999-11-08,948.4
1999-11-15,950.4
1999-11-22,952.2
1999-11-29,953.4
1999-12-06,954.0
1999-12-13,955.2
1999-12-20,956.0
1999-12-27,957.2
2000-01-03,959.4
2000-01-10,963.4
2000-01-17,965.6
2000-01-24,967.5
2000-01-31,969.1
2000-02-07,971.1
2000-02-14,973.2
2000-02-21,975.1
2000-02-28,976.2
2000-03-06,977.9
2000-03-13,977.8
2000-03-20,981.1
2000-03-27,981.6
2000-04-03,984.0
2000-04-10,987.2
2000-04-17,988.0
2000-04-24,988.6
2000-05-01,989.1
2000-05-08,990.0
2000-05-15,990.7
2000-05-22,991.3
2000-05-29,992.9
2000-06-05,995.6
2000-06-12,998.6
2000-06-19,1001.0
2000-06-26,1003.3
2000-07-03,1006.3
2000-07-10,1009.0
2000-07-17,1011.0
2000-07-24,1013.5
2000-07-31,1015.6
2000-08-07,1018.0
2000-08-14,1020.7
2000-08-21,1022.6
2000-08-28,1024.2
2000-09-04,1026.1
2000-09-11,1027.2
2000-09-18,1028.0
2000-09-25,1032.2
2000-10-02,1033.5
2000-10-09,1035.3
2000-10-16,1036.3
2000-10-23,1037.7
2000-10-30,1039.2
2000-11-06,1041.0
2000-11-13,1042.4
2000-11-20,1042.9
2000-11-27,1043.5
2000-12-04,1044.3
2000-12-11,1045.9
2000-12-18,1046.8
2000-12-25,1048.1
2001-01-01,1049.2
2001-01-08,1052.2
2001-01-15,1054.6
2001-01-22,1055.1
2001-01-29,1054.9
2001-02-05,1055.7
2001-02-12,1054.8
2001-02-19,1054.3
2001-02-26,1052.3
2001-03-05,1050.8
2001-03-12,1049.6
2001-03-19,1048.7
2001-03-26,1047.6
2001-04-02,1046.0
2001-04-09,1045.4
2001-04-16,1043.4
2001-04-23,1041.6
2001-04-30,1040.4
2001-05-07,1040.6
2001-05-14,1038.7
2001-05-21,1036.9
2001-05-28,1034.8
2001-06-04,1032.8
2001-06-11,1030.9
2001-06-18,1028.4
2001-06-25,1026.0
2001-07-02,1024.9
2001-07-09,1023.5
2001-07-16,1021.5
2001-07-23,1019.7
2001-07-30,1018.1
2001-08-06,1017.3
2001-08-13,1016.3
2001-08-20,1015.2
2001-08-27,1014.2
2001-09-03,1013.3
2001-09-10,1012.8
2001-09-17,1010.2
2001-09-24,1008.9
2001-10-01,1008.1
2001-10-08,1007.6
2001-10-15,1004.6
2001-10-22,1002.2
2001-10-29,998.3
2001-11-05,995.8
2001-11-12,993.5
2001-11-19,990.2
2001-11-26,987.1
2001-12-03,983.4
2001-12-10,979.1
2001-12-17,975.3
2001-12-24,972.0
2001-12-31,970.3
2002-01-07,968.3
2002-01-14,964.4
2002-01-21,961.6
2002-01-28,957.2
2002-02-04,954.8
2002-02-11,952.7
2002-02-18,950.7
2002-02-25,948.2
2002-03-04,945.6
2002-03-11,942.9
2002-03-18,940.3
2002-03-25,937.8
2002-04-01,935.2
2002-04-08,933.9
2002-04-15,932.3
2002-04-22,930.9
2002-04-29,929.7
2002-05-06,928.7
2002-05-13,927.4
2002-05-20,926.4
2002-05-27,925.4
2002-06-03,924.4
2002-06-10,923.7
2002-06-17,922.9
2002-06-24,921.7
2002-07-01,921.4
2002-07-08,921.1
2002-07-15,919.9
2002-07-22,918.7
2002-07-29,918.3
2002-08-05,917.5
2002-08-12,917.3
2002-08-19,916.1
2002-08-26,914.3
2002-09-02,912.7
2002-09-09,911.5
2002-09-16,909.6
2002-09-23,907.0
2002-09-30,906.2
2002-10-07,906.1
2002-10-14,905.3
2002-10-21,904.0
2002-10-28,902.7
2002-11-04,902.1
2002-11-11,902.1
2002-11-18,900.9
2002-11-25,899.8
2002-12-02,898.9
2002-12-09,897.0
2002-12-16,895.3
2002-12-23,893.1
2002-12-30,892.1
2003-01-06,892.5
2003-01-13,890.3
2003-01-20,888.3
2003-01-27,886.7
2003-02-03,885.7
2003-02-10,884.0
2003-02-17,882.7
2003-02-24,880.9
2003-03-03,879.7
2003-03-10,878.2
2003-03-17,877.2
2003-03-24,876.3
2003-03-31,874.4
2003-04-07,873.9
2003-04-14,873.0
2003-04-21,871.3
2003-04-28,869.2
2003-05-05,868.0
2003-05-12,866.2
2003-05-19,864.5
2003-05-26,862.9
2003-06-02,860.9
2003-06-09,860.2
2003-06-16,858.1
2003-06-23,857.1
2003-06-30,853.0
2003-07-07,850.4
2003-07-14,848.4
2003-07-21,846.3
2003-07-28,843.9
2003-08-04,841.4
2003-08-11,839.6
2003-08-18,837.4
2003-08-25,835.5
2003-09-01,833.9
2003-09-08,832.8
2003-09-15,831.4
2003-09-22,829.6
2003-09-29,828.4
2003-10-06,827.7
2003-10-13,827.3
2003-10-20,825.5
2003-10-27,824.4
2003-11-03,823.0
2003-11-10,822.3
2003-11-17,821.4
2003-11-24,820.5
2003-12-01,820.4
2003-12-08,819.5
2003-12-15,818.3
2003-12-22,817.3
2003-12-29,816.5
2004-01-05,816.5
2004-01-12,815.9
2004-01-19,815.7
2004-01-26,815.2
2004-02-02,814.7
2004-02-09,814.5
2004-02-16,813.7
2004-02-23,812.9
2004-03-01,812.1
2004-03-08,811.8
2004-03-15,811.3
2004-03-22,810.6
2004-03-29,810.1
2004-04-05,809.7
2004-04-12,809.2
2004-04-19,808.2
2004-04-26,807.0
2004-05-03,806.4
2004-05-10,805.8
2004-05-17,804.6
2004-05-24,803.8
2004-05-31,803.4
2004-06-07,804.4
2004-06-14,804.2
2004-06-21,803.7
2004-06-28,803.3
2004-07-05,804.0
2004-07-12,803.9
2004-07-19,804.7
2004-07-26,805.4
2004-08-02,806.3
2004-08-09,807.4
2004-08-16,807.9
2004-08-23,808.3
2004-08-30,809.2
2004-09-06,810.9
2004-09-13,811.2
2004-09-20,811.5
2004-09-27,812.1
2004-10-04,813.9
2004-10-11,815.6
2004-10-18,816.6
2004-10-25,817.9
2004-11-01,819.7
2004-11-08,821.1
2004-11-15,821.2
2004-11-22,822.5
2004-11-29,824.0
2004-12-06,824.9
2004-12-13,826.7
2004-12-20,828.3
2004-12-27,830.5
2005-01-03,833.3
2005-01-10,836.5
2005-01-17,839.8
2005-01-24,843.0
2005-01-31,846.0
2005-02-07,849.1
2005-02-14,851.8
2005-02-21,855.7
2005-02-28,858.9
2005-03-07,862.5
2005-03-14,865.6
2005-03-21,868.8
2005-03-28,871.7
2005-04-04,875.6
2005-04-11,880.0
2005-04-18,884.2
2005-04-25,887.3
2005-05-02,891.2
2005-05-09,895.5
2005-05-16,898.9
2005-05-23,903.2
2005-05-30,907.9
2005-06-06,911.4
2005-06-13,914.7
2005-06-20,917.7
2005-06-27,920.3
2005-07-04,924.7
2005-07-11,927.9
2005-07-18,931.1
2005-07-25,934.8
2005-08-01,938.2
2005-08-08,942.8
2005-08-15,945.8
2005-08-22,949.3
2005-08-29,952.2
2005-09-05,955.8
2005-09-12,958.7
2005-09-19,962.0
2005-09-26,964.5
2005-10-03,966.4
2005-10-10,968.4
2005-10-17,970.4
2005-10-24,973.0
2005-10-31,975.4
2005-11-07,978.3
2005-11-14,981.5
2005-11-21,983.8
2005-11-28,986.8
2005-12-05,989.1
2005-12-12,992.0
2005-12-19,994.3
2005-12-26,996.0
2006-01-02,1000.0
2006-01-09,1004.1
2006-01-16,1007.5
2006-01-23,1011.1
2006-01-30,1015.1
2006-02-06,1018.4
2006-02-13,1023.9
2006-02-20,1028.5
2006-02-27,1032.2
2006-03-06,1035.5
2006-03-13,1040.7
2006-03-20,1045.0
2006-03-27,1048.7
2006-04-03,1051.4
2006-04-10,1054.6
2006-04-17,1063.4
2006-04-24,1066.5
2006-05-01,1070.2
2006-05-08,1074.5
2006-05-15,1078.5
2006-05-22,1082.1
2006-05-29,1086.2
2006-06-05,1091.2
2006-06-12,1095.7
2006-06-19,1100.2
2006-06-26,1105.3
2006-07-03,1112.3
2006-07-10,1117.4
2006-07-17,1123.0
2006-07-24,1128.9
2006-07-31,1135.0
2006-08-07,1140.9
2006-08-14,1144.9
2006-08-21,1150.9
2006-08-28,1156.6
2006-09-04,1162.5
2006-09-11,1165.9
2006-09-18,1169.8
2006-09-25,1176.6
2006-10-02,1182.1
2006-10-09,1186.3
2006-10-16,1189.1
2006-10-23,1192.2
2006-10-30,1195.6
2006-11-06,1198.2
2006-11-13,1200.5
2006-11-20,1201.9
2006-11-27,1203.5
2006-12-04,1205.1
2006-12-11,1207.3
2006-12-18,1207.8
2006-12-25,1208.9
2007-01-01,1209.6
2007-01-08,1214.3
2007-01-15,1216.2
2007-01-22,1218.0
2007-01-29,1220.3
2007-02-05,1222.6
2007-02-12,1224.7
2007-02-19,1226.2
2007-02-26,1228.6
2007-03-05,1229.0
2007-03-12,1231.4
2007-03-19,1233.0
2007-03-26,1234.2
2007-04-02,1238.0
2007-04-09,1241.2
2007-04-16,1240.5
2007-04-23,1240.5
2007-04-30,1240.6
2007-05-07,1241.7
2007-05-14,1242.2
2007-05-21,1241.8
2007-05-28,1241.9
2007-06-04,1242.0
2007-06-11,1242.0
2007-06-18,1242.1
2007-06-25,1242.3
2007-07-02,1244.2
2007-07-09,1245.2
2007-07-16,1245.7
2007-07-23,1245.9
2007-07-30,1246.5
2007-08-06,1248.8
2007-08-13,1249.1
2007-08-20,1251.3
2007-08-27,1254.3
2007-09-03,1259.2
2007-09-10,1261.1
2007-09-17,1265.6
2007-09-24,1270.9
2007-10-01,1273.9
2007-10-08,1274.9
2007-10-15,1275.4
2007-10-22,1275.8
2007-10-29,1276.6
2007-11-05,1278.5
2007-11-12,1280.0
2007-11-19,1279.2
2007-11-26,1278.6
2007-12-03,1277.9
2007-12-10,1278.3
2007-12-17,1278.6
2007-12-24,1280.1
2007-12-31,1279.8
2008-01-07,1283.1
2008-01-14,1284.9
2008-01-21,1289.2
2008-01-28,1292.4
2008-02-04,1295.4
2008-02-11,1293.8
2008-02-18,1291.2
2008-02-25,1287.3
2008-03-03,1283.7
2008-03-10,1281.7
2008-03-17,1280.3
2008-03-24,1281.0
2008-03-31,1278.5
2008-04-07,1278.3
2008-04-14,1277.7
2008-04-21,1275.7
2008-04-28,1274.8
2008-05-05,1272.7
2008-05-12,1272.3
2008-05-19,1271.2
2008-05-26,1269.5
2008-06-02,1268.1
2008-06-09,1268.6
2008-06-16,1267.6
2008-06-23,1266.2
2008-06-30,1269.1
2008-07-07,1273.5
2008-07-14,1274.0
2008-07-21,1278.2
2008-07-28,1287.1
2008-08-04,1295.9
2008-08-11,1303.5
2008-08-18,1308.6
2008-08-25,1312.4
2008-09-01,1316.1
2008-09-08,1320.9
2008-09-15,1331.6
2008-09-22,1342.2
2008-09-29,1356.7
2008-10-06,1377.2
2008-10-13,1394.8
2008-10-20,1406.8
2008-10-27,1417.2
2008-11-03,1426.8
2008-11-10,1435.0
2008-11-17,1439.2
2008-11-24,1443.8
2008-12-01,1450.7
2008-12-08,1454.5
2008-12-15,1460.5
2008-12-22,1465.2
2008-12-29,1465.5
2009-01-05,1463.1
2009-01-12,1460.0
2009-01-19,1455.2
2009-01-26,1450.9
2009-02-02,1445.3
2009-02-09,1445.5
2009-02-16,1443.2
2009-02-23,1439.2
2009-03-02,1433.5
2009-03-09,1430.0
2009-03-16,1428.3
2009-03-23,1424.1
2009-03-30,1419.3
2009-04-06,1412.8
2009-04-13,1406.3
2009-04-20,1399.3
2009-04-27,1393.1
2009-05-04,1392.4
2009-05-11,1385.4
2009-05-18,1379.9
2009-05-25,1376.2
2009-06-01,1371.3
2009-06-08,1367.4
2009-06-15,1361.1
2009-06-22,1353.4
2009-06-29,1348.4
2009-07-06,1341.4
2009-07-13,1337.2
2009-07-20,1330.4
2009-07-27,1323.4
2009-08-03,1317.0
2009-08-10,1311.4
2009-08-17,1304.7
2009-08-24,1298.4
2009-08-31,1290.4
2009-09-07,1286.2
2009-09-14,1279.1
2009-09-21,1271.3
2009-09-28,1264.4
2009-10-05,1254.9
2009-10-12,1248.9
2009-10-19,1242.0
2009-10-26,1235.8
2009-11-02,1231.8
2009-11-09,1227.0
2009-11-16,1220.0
2009-11-23,1215.3
2009-11-30,1209.6
2009-12-07,1201.9
2009-12-14,1195.0
2009-12-21,1188.2
2009-12-28,1181.9
2010-01-04,1175.5
2010-01-11,1169.9
2010-01-18,1164.4
2010-01-25,1158.3
2010-02-01,1153.5
2010-02-08,1149.7
2010-02-15,1144.6
2010-02-22,1139.1
2010-03-01,1133.0
2010-03-08,1127.7
2010-03-15,1122.1
2010-03-22,1117.3
2010-03-29,1112.9
2010-04-05,1107.7
2010-04-12,1102.9
2010-04-19,1098.0
2010-04-26,1092.0
2010-05-03,1085.7
2010-05-10,1080.5
2010-05-17,1076.2
2010-05-24,1071.6
2010-05-31,1067.5
2010-06-07,1064.0
2010-06-14,1059.8
2010-06-21,1055.3
2010-06-28,1051.8
2010-07-05,1048.4
2010-07-12,1045.0
2010-07-19,1041.4
2010-07-26,1037.5
2010-08-02,1033.8
2010-08-09,1030.0
2010-08-16,1026.0
2010-08-23,1021.7
2010-08-30,1017.2
2010-09-06,1013.1
2010-09-13,1007.7
2010-09-20,1002.2
2010-09-27,996.9
2010-10-04,990.8
2010-10-11,985.7
2010-10-18,980.6
2010-10-25,975.8
2010-11-01,970.6
2010-11-08,965.8
2010-11-15,960.3
2010-11-22,954.3
2010-11-29,948.8
2010-12-06,942.7
2010-12-13,937.8
2010-12-20,932.8
2010-12-27,928.7
2011-01-03,923.7
2011-01-10,921.6
2011-01-17,917.8
2011-01-24,913.9
2011-01-31,910.8
2011-02-07,908.3
2011-02-14,905.6
2011-02-21,902.8
2011-02-28,899.5
2011-03-07,896.0
2011-03-14,892.5
2011-03-21,888.8
2011-03-28,885.5
2011-04-04,883.3
2011-04-11,880.4
2011-04-18,877.2
2011-04-25,874.0
2011-05-02,870.1
2011-05-09,866.5
2011-05-16,863.2
2011-05-23,859.5
2011-05-30,857.0
2011-06-06,853.9
2011-06-13,850.5
2011-06-20,846.9
2011-06-27,843.7
2011-07-04,841.1
2011-07-11,838.2
2011-07-18,834.7
2011-07-25,830.6
2011-08-01,826.6
2011-08-08,823.4
2011-08-15,819.9
2011-08-22,816.5
2011-08-29,813.4
2011-09-05,810.9
2011-09-12,807.4
2011-09-19,803.8
2011-09-26,800.7
2011-10-03,797.1
2011-10-10,794.9
2011-10-17,792.3
2011-10-24,789.9
2011-10-31,787.8
2011-11-07,785.4
2011-11-14,783.5
2011-11-21,780.5
2011-11-28,779.6
2011-12-05,777.8
2011-12-12,776.3
2011-12-19,774.8
2011-12-26,772.7
2012-01-02,771.7
2012-01-09,769.4
2012-01-16,767.4
2012-01-23,765.5
2012-01-30,762.9
2012-02-06,761.0
2012-02-13,758.7
2012-02-20,756.1
2012-02-27,752.9
2012-03-05,749.6
2012-03-12,746.6
2012-03-19,743.6
2012-03-26,739.9
2012-04-02,737.4
2012-04-09,735.5
2012-04-16,732.7
2012-04-23,729.5
2012-04-30,727.1
2012-05-07,724.8
2012-05-14,721.6
2012-05-21,718.6
2012-05-28,715.6
2012-06-04,713.7
2012-06-11,711.9
2012-06-18,710.1
2012-06-25,708.6
2012-07-02,705.6
2012-07-09,702.9
2012-07-16,700.9
2012-07-23,698.4
2012-07-30,696.5
2012-08-06,694.2
2012-08-13,691.9
2012-08-20,689.3
2012-08-27,687.6
2012-09-03,685.4
2012-09-10,683.4
2012-09-17,680.6
2012-09-24,676.7
2012-10-01,674.3
2012-10-08,672.2
2012-10-15,669.0
2012-10-22,666.5
2012-10-29,663.6
2012-11-05,660.2
2012-11-12,657.3
2012-11-19,654.9
2012-11-26,651.8
2012-12-03,648.9
2012-12-10,646.2
2012-12-17,643.1
2012-12-24,640.1
2012-12-31,637.7
2013-01-07,638.9
2013-01-14,637.3
2013-01-21,636.3
2013-01-28,633.9
2013-02-04,632.2
2013-02-11,630.6
2013-02-18,629.6
2013-02-25,627.2
2013-03-04,625.6
2013-03-11,626.8
2013-03-18,630.0
2013-03-25,628.2
2013-04-01,626.0
2013-04-08,623.6
2013-04-15,622.0
2013-04-22,619.8
2013-04-29,617.6
2013-05-06,615.0
2013-05-13,612.3
2013-05-20,610.3
2013-05-27,607.7
2013-06-03,604.5
2013-06-10,600.7
2013-06-17,596.8
2013-06-24,593.3
2013-07-01,590.4
2013-07-08,588.2
2013-07-15,587.1
2013-07-22,585.9
2013-07-29,584.0
2013-08-05,582.6
2013-08-12,582.3
2013-08-19,581.0
2013-08-26,578.7
2013-09-02,577.1
2013-09-09,575.6
2013-09-16,573.1
2013-09-23,571.4
2013-09-30,573.4
2013-10-07,574.2
2013-10-14,571.2
2013-10-21,568.9
2013-10-28,567.3
2013-11-04,566.1
2013-11-11,565.5
2013-11-18,565.5
2013-11-25,565.9
2013-12-02,565.7
2013-12-09,566.6
2013-12-16,567.1
2013-12-23,566.3
2013-12-30,564.4
2014-01-06,561.8
2014-01-13,560.5
2014-01-20,559.5
2014-01-27,559.3
2014-02-03,558.9
2014-02-10,560.0
2014-02-17,559.0
2014-02-24,557.8
2014-03-03,556.1
2014-03-10,556.7
2014-03-17,555.7
2014-03-24,555.7
2014-03-31,553.1
2014-04-07,552.5
2014-04-14,552.5
2014-04-21,551.6
2014-04-28,549.3
2014-05-05,548.3
2014-05-12,547.7
2014-05-19,549.5
2014-05-26,549.9
2014-06-02,549.3
2014-06-09,546.6
2014-06-16,545.7
2014-06-23,545.4
2014-06-30,545.1
2014-07-07,544.9
2014-07-14,546.0
2014-07-21,544.3
2014-07-28,543.7
2014-08-04,542.5
2014-08-11,540.6
2014-08-18,539.8
2014-08-25,539.6
2014-09-01,538.6
2014-09-08,530.3
2014-09-15,536.3
2014-09-22,534.5
2014-09-29,533.2
2014-10-06,531.6
2014-10-13,531.8
2014-10-20,530.2
2014-10-27,528.6
2014-11-03,527.3
2014-11-10,525.4
2014-11-17,523.6
2014-11-24,522.6
2014-12-01,521.0
2014-12-08,518.9
2014-12-15,518.6
2014-12-22,518.5
2014-12-29,517.5
2015-01-05,516.7
2015-01-12,516.0
2015-01-19,515.4
2015-01-26,515.2
2015-02-02,514.8
2015-02-09,514.6
2015-02-16,515.6
2015-02-23,513.9
2015-03-02,512.9
2015-03-09,508.1
2015-03-16,504.6
2015-03-23,502.4
2015-03-30,501.5
2015-04-06,500.9
2015-04-13,496.5
2015-04-20,495.0
2015-04-27,492.9
2015-05-04,491.5
2015-05-11,489.2
2015-05-18,486.4
2015-05-25,483.8
2015-06-01,482.4
2015-06-08,480.7
2015-06-15,478.5
2015-06-22,476.8
2015-06-29,474.2
2015-07-06,473.7
2015-07-13,469.8
2015-07-20,466.7
2015-07-27,464.4
2015-08-03,462.6
2015-08-10,459.2
2015-08-17,456.4
2015-08-24,453.4
2015-08-31,451.3
2015-09-07,446.7
2015-09-14,441.4
2015-09-21,438.9
2015-09-28,436.7
2015-10-05,436.2
2015-10-12,434.5
2015-10-19,433.6
2015-10-26,432.3
2015-11-02,431.2
2015-11-09,430.3
2015-11-16,427.9
2015-11-23,425.9
2015-11-30,425.0
2015-12-07,422.9
2015-12-14,421.6
2015-12-21,420.3
2015-12-28,419.2
2016-01-04,419.1
2016-01-11,418.3
2016-01-18,418.1
2016-01-25,417.9
2016-02-01,417.2
2016-02-08,416.9
2016-02-15,416.3
2016-02-22,415.5
2016-02-29,414.9
2016-03-07,413.5
2016-03-14,413.0
2016-03-21,408.7
2016-03-28,408.0
2016-04-04,407.1
2016-04-11,406.6
2016-04-18,405.5
2016-04-25,405.2
2016-05-02,403.8
2016-05-09,403.4
2016-05-16,402.5
2016-05-23,401.7
2016-05-30,400.7
2016-06-06,399.7
2016-06-13,398.8
2016-06-20,398.4
2016-06-27,397.7
2016-07-04,398.9
2016-07-11,397.7
2016-07-18,396.1
2016-07-25,394.4
2016-08-01,393.0
2016-08-08,391.9
2016-08-15,389.7
2016-08-22,388.0
2016-08-29,386.2
2016-09-05,385.9
2016-09-12,384.2
2016-09-19,382.4
2016-09-26,380.8
2016-10-03,379.6
2016-10-10,378.2
2016-10-17,377.1
2016-10-24,375.4
2016-10-31,374.3
2016-11-07,373.4
2016-11-14,371.7
2016-11-21,370.4
2016-11-28,368.2
2016-12-05,366.4
2016-12-12,364.8
2016-12-19,363.0
2016-12-26,362.0
2017-01-02,362.0
2017-01-09,362.0
2017-01-16,361.7
2017-01-23,362.5
2017-01-30,363.1
2017-02-06,364.7
2017-02-13,364.5
2017-02-20,366.8
2017-02-27,367.2
2017-03-06,367.7
2017-03-13,367.2
2017-03-20,368.1
2017-03-27,368.1
2017-04-03,370.8
2017-04-10,372.4
2017-04-17,373.8
2017-04-24,374.7
2017-05-01,376.1
2017-05-08,376.9
2017-05-15,379.4
2017-05-22,380.9
2017-05-29,382.8
2017-06-05,385.0
2017-06-12,386.7
2017-06-19,388.0
2017-06-26,389.4
2017-07-03,392.7
2017-07-10,394.1
2017-07-17,395.4
2017-07-24,397.8
2017-07-31,398.3
2017-08-07,399.3
2017-08-14,402.8
2017-08-21,404.8
2017-08-28,406.7
2017-09-04,409.5
2017-09-11,412.4
2017-09-18,414.2
2017-09-25,416.6
2017-10-02,418.6
2017-10-09,419.6
2017-10-16,419.9
2017-10-23,420.4
2017-10-30,421.1
2017-11-06,422.3
2017-11-13,423.6
2017-11-20,423.3
2017-11-27,423.9
2017-12-04,423.9
2017-12-11,425.4
2017-12-18,426.8
2017-12-25,428.2
2018-01-01,428.5
2018-01-08,430.8
2018-01-15,433.8
2018-01-22,433.6
2018-01-29,435.9
2018-02-05,437.2
2018-02-12,439.8
2018-02-19,442.2
2018-02-26,443.2
2018-03-05,445.5
2018-03-12,448.7
2018-03-19,451.2
2018-03-26,452.6
2018-04-02,457.0
2018-04-09,459.9
2018-04-16,463.2
2018-04-23,465.7
2018-04-30,469.1
2018-05-07,471.5
2018-05-14,475.0
2018-05-21,478.6
2018-05-28,482.6
2018-06-04,484.8
2018-06-11,488.6
2018-06-18,491.3
2018-06-25,494.7
2018-07-02,499.0
2018-07-09,500.9
2018-07-16,502.6
2018-07-23,504.1
2018-07-30,506.1
2018-08-06,509.9
2018-08-13,510.8
2018-08-20,514.7
2018-08-27,513.7
2018-09-03,518.2
2018-09-10,521.1
2018-09-17,524.5
2018-09-24,526.6
2018-10-01,527.5
2018-10-08,526.4
2018-10-15,528.7
2018-10-22,529.4
2018-10-29,531.7
2018-11-05,533.6
2018-11-12,537.0
2018-11-19,538.4
2018-11-26,537.7
2018-12-03,541.0
2018-12-10,543.0
2018-12-17,545.2
2018-12-24,547.6
2018-12-31,550.1
2019-01-07,556.7
2019-01-14,562.5
2019-01-21,570.1
2019-01-28,576.4
2019-02-04,582.0
2019-02-11,587.1
2019-02-18,592.6
2019-02-25,596.3
2019-03-04,601.9
2019-03-11,605.5
2019-03-18,610.6
2019-03-25,615.9
2019-04-01,621.2
2019-04-08,622.4
2019-04-15,626.9
2019-04-22,625.1
2019-04-29,625.4
2019-05-06,625.5
2019-05-13,627.1
2019-05-20,628.7
2019-05-27,631.1
2019-06-03,632.6
2019-06-10,636.1
2019-06-17,638.9
2019-06-24,639.7
2019-07-01,641.5
2019-07-08,641.9
2019-07-15,639.5
2019-07-22,636.3
2019-07-29,636.3
2019-08-05,636.3
2019-08-12,638.0
2019-08-19,635.0
2019-08-26,635.0
2019-09-02,633.3
2019-09-09,632.3
2019-09-16,631.6
2019-09-23,627.0
2019-09-30,626.3
2019-10-07,623.0
2019-10-14,622.1
2019-10-21,619.3
2019-10-28,616.0
2019-11-04,613.8
2019-11-11,612.5
2019-11-18,608.2
2019-11-25,604.2
2019-12-02,602.3
2019-12-09,598.6
2019-12-16,598.1
2019-12-23,595.4
2019-12-30,594.3
2020-01-06,593.8
2020-01-13,586.1
2020-01-20,578.8
2020-01-27,571.1
2020-02-03,563.8
2020-02-10,557.4
2020-02-17,551.1
2020-02-24,542.7
2020-03-02,536.9
2020-03-09,530.7
2020-03-16,521.0
2020-03-23,508.8
2020-03-30,501.8
2020-04-06,498.0
2020-04-13,498.8
2020-04-20,498.2
2020-04-27,499.7
2020-05-04,492.1
2020-05-11,489.7
2020-05-18,481.8
2020-05-25,476.5
2020-06-01,468.7
2020-06-08,461.7
2020-06-15,455.9
2020-06-22,449.4
2020-06-29,442.6
2020-07-06,434.3
2020-07-13,426.4
2020-07-20,417.9
2020-07-27,409.6
2020-08-03,398.8
2020-08-10,391.3
2020-08-17,384.3
2020-08-24,376.9
2020-08-31,368.1
2020-09-07,361.6
2020-09-14,355.4
2020-09-21,348.4
2020-09-28,340.8
2020-10-05,331.2
2020-10-12,324.1
2020-10-19,316.4
2020-10-26,307.0
2020-11-02,296.6
2020-11-09,288.3
2020-11-16,280.2
2020-11-23,271.3
2020-11-30,263.4
2020-12-07,255.5
2020-12-14,252.3
2020-12-21,246.9
2020-12-28,243.2
2021-01-04,237.1
2021-01-11,234.7
2021-01-18,228.2
2021-01-25,223.3
2021-02-01,219.1
2021-02-08,212.7
2021-02-15,208.3
2021-02-22,201.2
2021-03-01,195.0
2021-03-08,189.5
2021-03-15,187.0
2021-03-22,183.5
2021-03-29,180.1
2021-04-05,176.2
2021-04-12,167.5
2021-04-19,164.3
2021-04-26,160.8
2021-05-03,157.1
2021-05-10,155.5
2021-05-17,153.3
2021-05-24,151.6
2021-05-31,149.0
2021-06-07,146.6
2021-06-14,144.3
2021-06-21,142.0
2021-06-28,140.1
2021-07-05,137.5
2021-07-12,134.7
2021-07-19,131.9
2021-07-26,129.6
2021-08-02,126.2
2021-08-09,124.0
2021-08-16,122.4
2021-08-23,119.3
2021-08-30,115.7
2021-09-06,113.6
2021-09-13,111.3
2021-09-20,109.0
2021-09-27,107.6
2021-10-04,106.5
